asset_id;asset_name;voltage_level;is_dga_applicable;jumlah_pengukuran
CBL-AMM-1017C;HV Cable CBL-AMM-1017C;6.6kV;0;26
CBL-AMM-1066B;HV Cable CBL-AMM-1066B;11kV;0;7
CBL-AMM-1072C;HV Cable CBL-AMM-1072C;3.3kV;0;28
CBL-AMM-109C;HV Cable CBL-AMM-109C;6.6kV;0;14
CBL-AMM-1140;HV Cable CBL-AMM-1140;11kV;0;3
CBL-AMM-152B;HV Cable CBL-AMM-152B;3.3kV;0;6
CBL-AMM-199B;HV Cable CBL-AMM-199B;11kV;0;7
CBL-AMM-221C;HV Cable CBL-AMM-221C;33kV;0;13
CBL-AMM-321B;HV Cable CBL-AMM-321B;3.3kV;0;6
CBL-AMM-390B;HV Cable CBL-AMM-390B;6.6kV;0;6
CBL-AMM-504A;HV Cable CBL-AMM-504A;6.6kV;0;7
CBL-AMM-647C;HV Cable CBL-AMM-647C;11kV;0;7
CBL-AMM-761C;HV Cable CBL-AMM-761C;11kV;0;6
CBL-AMM-780;HV Cable CBL-AMM-780;33kV;0;11
CBL-PLB-1113A;HV Cable CBL-PLB-1113A;3.3kV;0;27
CBL-PLB-1138B;HV Cable CBL-PLB-1138B;3.3kV;0;27
CBL-PLB-164C;HV Cable CBL-PLB-164C;11kV;0;8
CBL-PLB-166B;HV Cable CBL-PLB-166B;6.6kV;0;4
CBL-PLB-356B;HV Cable CBL-PLB-356B;33kV;0;27
CBL-PLB-470A;HV Cable CBL-PLB-470A;33kV;0;7
CBL-PLB-614C;HV Cable CBL-PLB-614C;3.3kV;0;5
CBL-PLB-621B;HV Cable CBL-PLB-621B;3.3kV;0;3
CBL-PLB-628B;HV Cable CBL-PLB-628B;6.6kV;0;13
CBL-PLB-631A;HV Cable CBL-PLB-631A;3.3kV;0;13
CBL-PLB-739A;HV Cable CBL-PLB-739A;6.6kV;0;13
CBL-SS33-101;HV Cable CBL-SS33-101;3.3kV;0;6
CBL-SS33-1021A;HV Cable CBL-SS33-1021A;33kV;0;14
CBL-SS33-1094;HV Cable CBL-SS33-1094;33kV;0;7
CBL-SS33-1112;HV Cable CBL-SS33-1112;33kV;0;27
CBL-SS33-1114C;HV Cable CBL-SS33-1114C;6.6kV;0;7
CBL-SS33-1125C;HV Cable CBL-SS33-1125C;11kV;0;13
CBL-SS33-114C;HV Cable CBL-SS33-114C;3.3kV;0;7
CBL-SS33-1159B;HV Cable CBL-SS33-1159B;33kV;0;14
CBL-SS33-181B;HV Cable CBL-SS33-181B;6.6kV;0;13
CBL-SS33-195A;HV Cable CBL-SS33-195A;33kV;0;6
CBL-SS33-303C;HV Cable CBL-SS33-303C;11kV;0;7
CBL-SS33-336B;HV Cable CBL-SS33-336B;33kV;0;12
CBL-SS33-39;HV Cable CBL-SS33-39;11kV;0;13
CBL-SS33-419B;HV Cable CBL-SS33-419B;11kV;0;26
CBL-SS33-440;HV Cable CBL-SS33-440;3.3kV;0;13
CBL-SS33-478C;HV Cable CBL-SS33-478C;33kV;0;14
CBL-SS33-514;HV Cable CBL-SS33-514;11kV;0;4
CBL-SS33-660C;HV Cable CBL-SS33-660C;3.3kV;0;3
CBL-SS33-860A;HV Cable CBL-SS33-860A;6.6kV;0;14
CBL-SS33-893;HV Cable CBL-SS33-893;33kV;0;25
CBL-SS33-966C;HV Cable CBL-SS33-966C;3.3kV;0;7
CBL-UR1-1001;HV Cable CBL-UR1-1001;3.3kV;0;6
CBL-UR1-149B;HV Cable CBL-UR1-149B;11kV;0;13
CBL-UR1-186A;HV Cable CBL-UR1-186A;33kV;0;13
CBL-UR1-338C;HV Cable CBL-UR1-338C;3.3kV;0;6
CBL-UR1-344B;HV Cable CBL-UR1-344B;11kV;0;6
CBL-UR1-351B;HV Cable CBL-UR1-351B;11kV;0;13
CBL-UR1-421;HV Cable CBL-UR1-421;6.6kV;0;13
CBL-UR1-451C;HV Cable CBL-UR1-451C;6.6kV;0;13
CBL-UR1-534C;HV Cable CBL-UR1-534C;33kV;0;13
CBL-UR1-540A;HV Cable CBL-UR1-540A;33kV;0;6
CBL-UR1-574;HV Cable CBL-UR1-574;6.6kV;0;13
CBL-UR1-595;HV Cable CBL-UR1-595;3.3kV;0;6
CBL-UR1-616;HV Cable CBL-UR1-616;33kV;0;3
CBL-UR1-685C;HV Cable CBL-UR1-685C;6.6kV;0;7
CBL-UR1-769A;HV Cable CBL-UR1-769A;33kV;0;14
CBL-UR1-812B;HV Cable CBL-UR1-812B;3.3kV;0;7
CBL-UR1-837;HV Cable CBL-UR1-837;33kV;0;3
CBL-UR2-1031;HV Cable CBL-UR2-1031;11kV;0;5
CBL-UR2-130B;HV Cable CBL-UR2-130B;3.3kV;0;26
CBL-UR2-194B;HV Cable CBL-UR2-194B;11kV;0;7
CBL-UR2-242B;HV Cable CBL-UR2-242B;33kV;0;28
CBL-UR2-264C;HV Cable CBL-UR2-264C;33kV;0;2
CBL-UR2-297A;HV Cable CBL-UR2-297A;6.6kV;0;7
CBL-UR2-462;HV Cable CBL-UR2-462;11kV;0;14
CBL-UR2-567;HV Cable CBL-UR2-567;33kV;0;7
CBL-UR2-678B;HV Cable CBL-UR2-678B;6.6kV;0;7
CBL-UR2-802B;HV Cable CBL-UR2-802B;3.3kV;0;25
CBL-UR2-872A;HV Cable CBL-UR2-872A;11kV;0;13
CBL-UR2-946B;HV Cable CBL-UR2-946B;11kV;0;7
CBL-UR2-978B;HV Cable CBL-UR2-978B;33kV;0;7
CBL-UTIL-1044;HV Cable CBL-UTIL-1044;6.6kV;0;7
CBL-UTIL-1058A;HV Cable CBL-UTIL-1058A;11kV;0;28
CBL-UTIL-125C;HV Cable CBL-UTIL-125C;11kV;0;27
CBL-UTIL-189B;HV Cable CBL-UTIL-189B;6.6kV;0;14
CBL-UTIL-206;HV Cable CBL-UTIL-206;6.6kV;0;7
CBL-UTIL-469;HV Cable CBL-UTIL-469;33kV;0;7
CBL-UTIL-479C;HV Cable CBL-UTIL-479C;6.6kV;0;7
CBL-UTIL-525;HV Cable CBL-UTIL-525;11kV;0;7
CBL-UTIL-594;HV Cable CBL-UTIL-594;11kV;0;27
CBL-UTIL-600B;HV Cable CBL-UTIL-600B;3.3kV;0;7
CBL-UTIL-699B;HV Cable CBL-UTIL-699B;3.3kV;0;26
CBL-UTIL-783B;HV Cable CBL-UTIL-783B;3.3kV;0;6
CBL-UTIL-839B;HV Cable CBL-UTIL-839B;3.3kV;0;6
CBL-UTIL-914C;HV Cable CBL-UTIL-914C;33kV;0;13
CBL-UTIL-945C;HV Cable CBL-UTIL-945C;11kV;0;24
GIS-AMM-1027C;GIS GIS-AMM-1027C;6.6kV;0;29
GIS-AMM-1045;GIS GIS-AMM-1045;11kV;0;9
GIS-AMM-110C;GIS GIS-AMM-110C;11kV;0;12
GIS-AMM-1116C;GIS GIS-AMM-1116C;11kV;0;7
GIS-AMM-1166;GIS GIS-AMM-1166;3.3kV;0;14
GIS-AMM-1176B;GIS GIS-AMM-1176B;11kV;0;7
GIS-AMM-118C;GIS GIS-AMM-118C;6.6kV;0;6
GIS-AMM-134C;GIS GIS-AMM-134C;3.3kV;0;7
GIS-AMM-151;GIS GIS-AMM-151;6.6kV;0;7
GIS-AMM-207;GIS GIS-AMM-207;3.3kV;0;12
GIS-AMM-349A;GIS GIS-AMM-349A;3.3kV;0;7
GIS-AMM-358;GIS GIS-AMM-358;11kV;0;26
GIS-AMM-369B;GIS GIS-AMM-369B;3.3kV;0;6
GIS-AMM-371C;GIS GIS-AMM-371C;33kV;0;26
GIS-AMM-382A;GIS GIS-AMM-382A;6.6kV;0;2
GIS-AMM-424B;GIS GIS-AMM-424B;3.3kV;0;14
GIS-AMM-43C;GIS GIS-AMM-43C;6.6kV;0;7
GIS-AMM-454A;GIS GIS-AMM-454A;6.6kV;0;13
GIS-AMM-467A;GIS GIS-AMM-467A;11kV;0;5
GIS-AMM-56A;GIS GIS-AMM-56A;11kV;0;7
GIS-AMM-578B;GIS GIS-AMM-578B;3.3kV;0;7
GIS-AMM-670A;GIS GIS-AMM-670A;6.6kV;0;15
GIS-AMM-728B;GIS GIS-AMM-728B;3.3kV;0;13
GIS-AMM-730;GIS GIS-AMM-730;6.6kV;0;13
GIS-AMM-750A;GIS GIS-AMM-750A;3.3kV;0;14
GIS-AMM-7A;GIS GIS-AMM-7A;3.3kV;0;26
GIS-AMM-852;GIS GIS-AMM-852;6.6kV;0;7
GIS-AMM-937;GIS GIS-AMM-937;11kV;0;8
GIS-AMM-944A;GIS GIS-AMM-944A;3.3kV;0;13
GIS-AMM-972B;GIS GIS-AMM-972B;33kV;0;13
GIS-AMM-992C;GIS GIS-AMM-992C;11kV;0;14
GIS-PLB-1030C;GIS GIS-PLB-1030C;33kV;0;6
GIS-PLB-1082B;GIS GIS-PLB-1082B;11kV;0;26
GIS-PLB-1092A;GIS GIS-PLB-1092A;33kV;0;7
GIS-PLB-1104;GIS GIS-PLB-1104;11kV;0;7
GIS-PLB-1115;GIS GIS-PLB-1115;6.6kV;0;13
GIS-PLB-1182A;GIS GIS-PLB-1182A;3.3kV;0;27
GIS-PLB-1193;GIS GIS-PLB-1193;11kV;0;6
GIS-PLB-1197B;GIS GIS-PLB-1197B;3.3kV;0;14
GIS-PLB-14A;GIS GIS-PLB-14A;11kV;0;27
GIS-PLB-201C;GIS GIS-PLB-201C;33kV;0;13
GIS-PLB-212B;GIS GIS-PLB-212B;3.3kV;0;13
GIS-PLB-257A;GIS GIS-PLB-257A;3.3kV;0;25
GIS-PLB-333B;GIS GIS-PLB-333B;6.6kV;0;14
GIS-PLB-362C;GIS GIS-PLB-362C;6.6kV;0;6
GIS-PLB-372;GIS GIS-PLB-372;33kV;0;13
GIS-PLB-426A;GIS GIS-PLB-426A;6.6kV;0;7
GIS-PLB-427C;GIS GIS-PLB-427C;6.6kV;0;6
GIS-PLB-491;GIS GIS-PLB-491;3.3kV;0;27
GIS-PLB-498;GIS GIS-PLB-498;6.6kV;0;27
GIS-PLB-558A;GIS GIS-PLB-558A;3.3kV;0;26
GIS-PLB-597A;GIS GIS-PLB-597A;6.6kV;0;13
GIS-PLB-651A;GIS GIS-PLB-651A;3.3kV;0;27
GIS-PLB-776B;GIS GIS-PLB-776B;6.6kV;0;13
GIS-PLB-791B;GIS GIS-PLB-791B;33kV;0;7
GIS-PLB-834A;GIS GIS-PLB-834A;11kV;0;13
GIS-PLB-89;GIS GIS-PLB-89;6.6kV;0;25
GIS-PLB-899;GIS GIS-PLB-899;3.3kV;0;25
GIS-PLB-958C;GIS GIS-PLB-958C;6.6kV;0;6
GIS-SS33-1052A;GIS GIS-SS33-1052A;33kV;0;6
GIS-SS33-1117;GIS GIS-SS33-1117;11kV;0;7
GIS-SS33-1168A;GIS GIS-SS33-1168A;6.6kV;0;25
GIS-SS33-1189C;GIS GIS-SS33-1189C;33kV;0;26
GIS-SS33-202A;GIS GIS-SS33-202A;33kV;0;14
GIS-SS33-248;GIS GIS-SS33-248;33kV;0;7
GIS-SS33-302A;GIS GIS-SS33-302A;6.6kV;0;27
GIS-SS33-347C;GIS GIS-SS33-347C;3.3kV;0;7
GIS-SS33-355;GIS GIS-SS33-355;33kV;0;26
GIS-SS33-466C;GIS GIS-SS33-466C;11kV;0;7
GIS-SS33-656C;GIS GIS-SS33-656C;33kV;0;7
GIS-SS33-664A;GIS GIS-SS33-664A;11kV;0;13
GIS-SS33-671;GIS GIS-SS33-671;6.6kV;0;7
GIS-SS33-692A;GIS GIS-SS33-692A;33kV;0;7
GIS-SS33-72;GIS GIS-SS33-72;3.3kV;0;11
GIS-SS33-731A;GIS GIS-SS33-731A;11kV;0;6
GIS-SS33-738A;GIS GIS-SS33-738A;11kV;0;6
GIS-SS33-756B;GIS GIS-SS33-756B;3.3kV;0;8
GIS-SS33-765C;GIS GIS-SS33-765C;6.6kV;0;6
GIS-SS33-772B;GIS GIS-SS33-772B;3.3kV;0;6
GIS-SS33-800C;GIS GIS-SS33-800C;6.6kV;0;13
GIS-SS33-815;GIS GIS-SS33-815;11kV;0;14
GIS-SS33-864C;GIS GIS-SS33-864C;11kV;0;7
GIS-SS33-884C;GIS GIS-SS33-884C;6.6kV;0;7
GIS-SS33-908A;GIS GIS-SS33-908A;33kV;0;7
GIS-SS33-920;GIS GIS-SS33-920;11kV;0;4
GIS-SS33-962A;GIS GIS-SS33-962A;11kV;0;7
GIS-UR1-1120C;GIS GIS-UR1-1120C;11kV;0;6
GIS-UR1-1122B;GIS GIS-UR1-1122B;33kV;0;7
GIS-UR1-272B;GIS GIS-UR1-272B;3.3kV;0;14
GIS-UR1-346B;GIS GIS-UR1-346B;33kV;0;5
GIS-UR1-418B;GIS GIS-UR1-418B;11kV;0;6
GIS-UR1-430B;GIS GIS-UR1-430B;11kV;0;6
GIS-UR1-477A;GIS GIS-UR1-477A;11kV;0;7
GIS-UR1-496B;GIS GIS-UR1-496B;33kV;0;13
GIS-UR1-553;GIS GIS-UR1-553;33kV;0;13
GIS-UR1-563A;GIS GIS-UR1-563A;3.3kV;0;28
GIS-UR1-576A;GIS GIS-UR1-576A;11kV;0;6
GIS-UR1-612A;GIS GIS-UR1-612A;6.6kV;0;6
GIS-UR1-65C;GIS GIS-UR1-65C;33kV;0;13
GIS-UR1-688C;GIS GIS-UR1-688C;3.3kV;0;13
GIS-UR1-708B;GIS GIS-UR1-708B;3.3kV;0;6
GIS-UR1-733A;GIS GIS-UR1-733A;11kV;0;7
GIS-UR1-77;GIS GIS-UR1-77;3.3kV;0;13
GIS-UR1-924A;GIS GIS-UR1-924A;3.3kV;0;14
GIS-UR1-94B;GIS GIS-UR1-94B;3.3kV;0;6
GIS-UR1-973A;GIS GIS-UR1-973A;33kV;0;12
GIS-UR1-993B;GIS GIS-UR1-993B;3.3kV;0;6
GIS-UR2-1018B;GIS GIS-UR2-1018B;6.6kV;0;6
GIS-UR2-1106A;GIS GIS-UR2-1106A;11kV;0;6
GIS-UR2-1108B;GIS GIS-UR2-1108B;3.3kV;0;6
GIS-UR2-1110C;GIS GIS-UR2-1110C;3.3kV;0;7
GIS-UR2-115;GIS GIS-UR2-115;11kV;0;13
GIS-UR2-1172C;GIS GIS-UR2-1172C;3.3kV;0;7
GIS-UR2-1178C;GIS GIS-UR2-1178C;3.3kV;0;6
GIS-UR2-155C;GIS GIS-UR2-155C;3.3kV;0;13
GIS-UR2-191;GIS GIS-UR2-191;3.3kV;0;26
GIS-UR2-222A;GIS GIS-UR2-222A;11kV;0;28
GIS-UR2-224A;GIS GIS-UR2-224A;6.6kV;0;13
GIS-UR2-245;GIS GIS-UR2-245;11kV;0;14
GIS-UR2-313C;GIS GIS-UR2-313C;11kV;0;7
GIS-UR2-414;GIS GIS-UR2-414;11kV;0;7
GIS-UR2-447A;GIS GIS-UR2-447A;11kV;0;13
GIS-UR2-448;GIS GIS-UR2-448;33kV;0;14
GIS-UR2-450A;GIS GIS-UR2-450A;11kV;0;14
GIS-UR2-492C;GIS GIS-UR2-492C;11kV;0;13
GIS-UR2-529A;GIS GIS-UR2-529A;11kV;0;7
GIS-UR2-536C;GIS GIS-UR2-536C;33kV;0;6
GIS-UR2-583A;GIS GIS-UR2-583A;33kV;0;27
GIS-UR2-596A;GIS GIS-UR2-596A;6.6kV;0;6
GIS-UR2-658C;GIS GIS-UR2-658C;33kV;0;13
GIS-UR2-673A;GIS GIS-UR2-673A;33kV;0;6
GIS-UR2-677B;GIS GIS-UR2-677B;11kV;0;13
GIS-UR2-74;GIS GIS-UR2-74;33kV;0;15
GIS-UR2-804A;GIS GIS-UR2-804A;33kV;0;6
GIS-UR2-805;GIS GIS-UR2-805;6.6kV;0;6
GIS-UR2-808B;GIS GIS-UR2-808B;3.3kV;0;13
GIS-UR2-810C;GIS GIS-UR2-810C;3.3kV;0;14
GIS-UR2-826C;GIS GIS-UR2-826C;11kV;0;12
GIS-UR2-917C;GIS GIS-UR2-917C;3.3kV;0;14
GIS-UR2-999B;GIS GIS-UR2-999B;3.3kV;0;13
GIS-UTIL-1000A;GIS GIS-UTIL-1000A;33kV;0;6
GIS-UTIL-1025C;GIS GIS-UTIL-1025C;6.6kV;0;13
GIS-UTIL-1043C;GIS GIS-UTIL-1043C;33kV;0;7
GIS-UTIL-104A;GIS GIS-UTIL-104A;3.3kV;0;7
GIS-UTIL-1085B;GIS GIS-UTIL-1085B;6.6kV;0;7
GIS-UTIL-1088B;GIS GIS-UTIL-1088B;6.6kV;0;3
GIS-UTIL-1091B;GIS GIS-UTIL-1091B;6.6kV;0;7
GIS-UTIL-1103A;GIS GIS-UTIL-1103A;33kV;0;6
GIS-UTIL-1134B;GIS GIS-UTIL-1134B;3.3kV;0;7
GIS-UTIL-11C;GIS GIS-UTIL-11C;33kV;0;6
GIS-UTIL-136;GIS GIS-UTIL-136;3.3kV;0;7
GIS-UTIL-188C;GIS GIS-UTIL-188C;11kV;0;6
GIS-UTIL-209C;GIS GIS-UTIL-209C;6.6kV;0;12
GIS-UTIL-273A;GIS GIS-UTIL-273A;3.3kV;0;4
GIS-UTIL-288;GIS GIS-UTIL-288;33kV;0;6
GIS-UTIL-296A;GIS GIS-UTIL-296A;11kV;0;7
GIS-UTIL-312B;GIS GIS-UTIL-312B;33kV;0;6
GIS-UTIL-324B;GIS GIS-UTIL-324B;6.6kV;0;13
GIS-UTIL-337C;GIS GIS-UTIL-337C;6.6kV;0;7
GIS-UTIL-348A;GIS GIS-UTIL-348A;3.3kV;0;13
GIS-UTIL-353A;GIS GIS-UTIL-353A;11kV;0;14
GIS-UTIL-385C;GIS GIS-UTIL-385C;6.6kV;0;14
GIS-UTIL-415B;GIS GIS-UTIL-415B;6.6kV;0;13
GIS-UTIL-429C;GIS GIS-UTIL-429C;6.6kV;0;6
GIS-UTIL-432C;GIS GIS-UTIL-432C;3.3kV;0;7
GIS-UTIL-458C;GIS GIS-UTIL-458C;11kV;0;14
GIS-UTIL-493C;GIS GIS-UTIL-493C;6.6kV;0;7
GIS-UTIL-510;GIS GIS-UTIL-510;11kV;0;14
GIS-UTIL-513A;GIS GIS-UTIL-513A;6.6kV;0;14
GIS-UTIL-535A;GIS GIS-UTIL-535A;33kV;0;13
GIS-UTIL-545A;GIS GIS-UTIL-545A;11kV;0;7
GIS-UTIL-572;GIS GIS-UTIL-572;11kV;0;13
GIS-UTIL-584;GIS GIS-UTIL-584;11kV;0;6
GIS-UTIL-619;GIS GIS-UTIL-619;6.6kV;0;14
GIS-UTIL-698C;GIS GIS-UTIL-698C;3.3kV;0;6
GIS-UTIL-743;GIS GIS-UTIL-743;3.3kV;0;14
GIS-UTIL-841;GIS GIS-UTIL-841;6.6kV;0;7
GIS-UTIL-85B;GIS GIS-UTIL-85B;6.6kV;0;6
GIS-UTIL-923A;GIS GIS-UTIL-923A;33kV;0;27
GIS-UTIL-939C;GIS GIS-UTIL-939C;6.6kV;0;13
LE-100;Trafo test;33kV;1;1
MNSR-11;Panel Mnsr;33kV;0;1
MTR-AMM-1065B;HV Motor MTR-AMM-1065B;3.3kV;0;12
MTR-AMM-1070B;HV Motor MTR-AMM-1070B;6.6kV;0;6
MTR-AMM-1109;HV Motor MTR-AMM-1109;3.3kV;0;27
MTR-AMM-1118A;HV Motor MTR-AMM-1118A;3.3kV;0;7
MTR-AMM-1156A;HV Motor MTR-AMM-1156A;33kV;0;7
MTR-AMM-1158;HV Motor MTR-AMM-1158;11kV;0;7
MTR-AMM-1164A;HV Motor MTR-AMM-1164A;6.6kV;0;27
MTR-AMM-1170;HV Motor MTR-AMM-1170;11kV;0;6
MTR-AMM-1179A;HV Motor MTR-AMM-1179A;6.6kV;0;13
MTR-AMM-1180B;HV Motor MTR-AMM-1180B;3.3kV;0;6
MTR-AMM-1185B;HV Motor MTR-AMM-1185B;33kV;0;6
MTR-AMM-1190C;HV Motor MTR-AMM-1190C;11kV;0;13
MTR-AMM-119C;HV Motor MTR-AMM-119C;6.6kV;0;14
MTR-AMM-123A;HV Motor MTR-AMM-123A;3.3kV;0;14
MTR-AMM-158C;HV Motor MTR-AMM-158C;3.3kV;0;13
MTR-AMM-231B;HV Motor MTR-AMM-231B;11kV;0;7
MTR-AMM-232;HV Motor MTR-AMM-232;33kV;0;6
MTR-AMM-258B;HV Motor MTR-AMM-258B;3.3kV;0;3
MTR-AMM-284C;HV Motor MTR-AMM-284C;3.3kV;0;6
MTR-AMM-291A;HV Motor MTR-AMM-291A;3.3kV;0;14
MTR-AMM-29C;HV Motor MTR-AMM-29C;33kV;0;13
MTR-AMM-307A;HV Motor MTR-AMM-307A;6.6kV;0;6
MTR-AMM-341A;HV Motor MTR-AMM-341A;33kV;0;13
MTR-AMM-345B;HV Motor MTR-AMM-345B;33kV;0;7
MTR-AMM-365;HV Motor MTR-AMM-365;11kV;0;14
MTR-AMM-368B;HV Motor MTR-AMM-368B;33kV;0;13
MTR-AMM-387B;HV Motor MTR-AMM-387B;33kV;0;13
MTR-AMM-422B;HV Motor MTR-AMM-422B;3.3kV;0;12
MTR-AMM-441A;HV Motor MTR-AMM-441A;6.6kV;0;6
MTR-AMM-446B;HV Motor MTR-AMM-446B;6.6kV;0;13
MTR-AMM-452C;HV Motor MTR-AMM-452C;6.6kV;0;7
MTR-AMM-461A;HV Motor MTR-AMM-461A;11kV;0;2
MTR-AMM-495A;HV Motor MTR-AMM-495A;3.3kV;0;6
MTR-AMM-5;HV Motor MTR-AMM-5;11kV;0;5
MTR-AMM-501C;HV Motor MTR-AMM-501C;6.6kV;0;13
MTR-AMM-546A;HV Motor MTR-AMM-546A;6.6kV;0;6
MTR-AMM-559A;HV Motor MTR-AMM-559A;3.3kV;0;7
MTR-AMM-579B;HV Motor MTR-AMM-579B;6.6kV;0;13
MTR-AMM-588A;HV Motor MTR-AMM-588A;33kV;0;7
MTR-AMM-623B;HV Motor MTR-AMM-623B;33kV;0;6
MTR-AMM-649A;HV Motor MTR-AMM-649A;6.6kV;0;7
MTR-AMM-689;HV Motor MTR-AMM-689;11kV;0;13
MTR-AMM-694A;HV Motor MTR-AMM-694A;6.6kV;0;6
MTR-AMM-716A;HV Motor MTR-AMM-716A;11kV;0;26
MTR-AMM-737A;HV Motor MTR-AMM-737A;3.3kV;0;6
MTR-AMM-752B;HV Motor MTR-AMM-752B;11kV;0;7
MTR-AMM-766B;HV Motor MTR-AMM-766B;11kV;0;6
MTR-AMM-798;HV Motor MTR-AMM-798;3.3kV;0;2
MTR-AMM-801;HV Motor MTR-AMM-801;3.3kV;0;27
MTR-AMM-80A;HV Motor MTR-AMM-80A;33kV;0;13
MTR-AMM-823;HV Motor MTR-AMM-823;11kV;0;6
MTR-AMM-827;HV Motor MTR-AMM-827;6.6kV;0;6
MTR-AMM-842C;HV Motor MTR-AMM-842C;3.3kV;0;4
MTR-AMM-846A;HV Motor MTR-AMM-846A;11kV;0;7
MTR-AMM-862A;HV Motor MTR-AMM-862A;33kV;0;12
MTR-AMM-866A;HV Motor MTR-AMM-866A;33kV;0;6
MTR-AMM-870A;HV Motor MTR-AMM-870A;11kV;0;2
MTR-AMM-903C;HV Motor MTR-AMM-903C;6.6kV;0;13
MTR-AMM-913B;HV Motor MTR-AMM-913B;3.3kV;0;6
MTR-AMM-918B;HV Motor MTR-AMM-918B;6.6kV;0;12
MTR-AMM-926C;HV Motor MTR-AMM-926C;3.3kV;0;7
MTR-AMM-954A;HV Motor MTR-AMM-954A;11kV;0;13
MTR-AMM-979B;HV Motor MTR-AMM-979B;33kV;0;13
MTR-AMM-97B;HV Motor MTR-AMM-97B;6.6kV;0;12
MTR-AMM-986C;HV Motor MTR-AMM-986C;3.3kV;0;7
MTR-AMM-989C;HV Motor MTR-AMM-989C;3.3kV;0;6
MTR-AMM-991B;HV Motor MTR-AMM-991B;11kV;0;3
MTR-PLB-10;HV Motor MTR-PLB-10;6.6kV;0;27
MTR-PLB-1009B;HV Motor MTR-PLB-1009B;3.3kV;0;2
MTR-PLB-1036B;HV Motor MTR-PLB-1036B;3.3kV;0;6
MTR-PLB-1057B;HV Motor MTR-PLB-1057B;3.3kV;0;14
MTR-PLB-1069A;HV Motor MTR-PLB-1069A;6.6kV;0;12
MTR-PLB-1073B;HV Motor MTR-PLB-1073B;11kV;0;7
MTR-PLB-1080B;HV Motor MTR-PLB-1080B;6.6kV;0;27
MTR-PLB-1144B;HV Motor MTR-PLB-1144B;3.3kV;0;7
MTR-PLB-13C;HV Motor MTR-PLB-13C;33kV;0;26
MTR-PLB-141;HV Motor MTR-PLB-141;3.3kV;0;7
MTR-PLB-16A;HV Motor MTR-PLB-16A;33kV;0;7
MTR-PLB-211C;HV Motor MTR-PLB-211C;33kV;0;7
MTR-PLB-216C;HV Motor MTR-PLB-216C;3.3kV;0;6
MTR-PLB-218C;HV Motor MTR-PLB-218C;6.6kV;0;13
MTR-PLB-238A;HV Motor MTR-PLB-238A;3.3kV;0;26
MTR-PLB-263;HV Motor MTR-PLB-263;6.6kV;0;7
MTR-PLB-270;HV Motor MTR-PLB-270;6.6kV;0;14
MTR-PLB-281C;HV Motor MTR-PLB-281C;6.6kV;0;13
MTR-PLB-320C;HV Motor MTR-PLB-320C;11kV;0;27
MTR-PLB-330B;HV Motor MTR-PLB-330B;6.6kV;0;7
MTR-PLB-359;HV Motor MTR-PLB-359;6.6kV;0;6
MTR-PLB-366;HV Motor MTR-PLB-366;33kV;0;3
MTR-PLB-375A;HV Motor MTR-PLB-375A;11kV;0;7
MTR-PLB-381C;HV Motor MTR-PLB-381C;33kV;0;6
MTR-PLB-3B;HV Motor MTR-PLB-3B;6.6kV;0;6
MTR-PLB-404B;HV Motor MTR-PLB-404B;3.3kV;0;7
MTR-PLB-417A;HV Motor MTR-PLB-417A;33kV;0;7
MTR-PLB-475B;HV Motor MTR-PLB-475B;3.3kV;0;27
MTR-PLB-485C;HV Motor MTR-PLB-485C;6.6kV;0;7
MTR-PLB-499A;HV Motor MTR-PLB-499A;11kV;0;13
MTR-PLB-517A;HV Motor MTR-PLB-517A;33kV;0;14
MTR-PLB-51A;HV Motor MTR-PLB-51A;6.6kV;0;7
MTR-PLB-53A;HV Motor MTR-PLB-53A;33kV;0;14
MTR-PLB-565;HV Motor MTR-PLB-565;11kV;0;7
MTR-PLB-575;HV Motor MTR-PLB-575;3.3kV;0;5
MTR-PLB-577B;HV Motor MTR-PLB-577B;6.6kV;0;6
MTR-PLB-580B;HV Motor MTR-PLB-580B;3.3kV;0;15
MTR-PLB-608B;HV Motor MTR-PLB-608B;11kV;0;7
MTR-PLB-625B;HV Motor MTR-PLB-625B;3.3kV;0;7
MTR-PLB-637;HV Motor MTR-PLB-637;3.3kV;0;7
MTR-PLB-645C;HV Motor MTR-PLB-645C;11kV;0;25
MTR-PLB-646;HV Motor MTR-PLB-646;33kV;0;6
MTR-PLB-668C;HV Motor MTR-PLB-668C;6.6kV;0;13
MTR-PLB-722;HV Motor MTR-PLB-722;6.6kV;0;25
MTR-PLB-726C;HV Motor MTR-PLB-726C;3.3kV;0;6
MTR-PLB-734B;HV Motor MTR-PLB-734B;11kV;0;6
MTR-PLB-735;HV Motor MTR-PLB-735;11kV;0;26
MTR-PLB-75;HV Motor MTR-PLB-75;33kV;0;7
MTR-PLB-76B;HV Motor MTR-PLB-76B;33kV;0;6
MTR-PLB-770;HV Motor MTR-PLB-770;11kV;0;13
MTR-PLB-803C;HV Motor MTR-PLB-803C;11kV;0;5
MTR-PLB-818;HV Motor MTR-PLB-818;6.6kV;0;7
MTR-PLB-831C;HV Motor MTR-PLB-831C;33kV;0;26
MTR-PLB-832C;HV Motor MTR-PLB-832C;33kV;0;5
MTR-PLB-847B;HV Motor MTR-PLB-847B;6.6kV;0;7
MTR-PLB-863A;HV Motor MTR-PLB-863A;33kV;0;13
MTR-PLB-88C;HV Motor MTR-PLB-88C;3.3kV;0;25
MTR-PLB-895C;HV Motor MTR-PLB-895C;6.6kV;0;14
MTR-PLB-90;HV Motor MTR-PLB-90;6.6kV;0;13
MTR-PLB-934;HV Motor MTR-PLB-934;3.3kV;0;7
MTR-PLB-96C;HV Motor MTR-PLB-96C;3.3kV;0;7
MTR-SS33-1007C;HV Motor MTR-SS33-1007C;33kV;0;5
MTR-SS33-1022B;HV Motor MTR-SS33-1022B;3.3kV;0;14
MTR-SS33-1049B;HV Motor MTR-SS33-1049B;33kV;0;14
MTR-SS33-1055;HV Motor MTR-SS33-1055;6.6kV;0;6
MTR-SS33-1101B;HV Motor MTR-SS33-1101B;6.6kV;0;14
MTR-SS33-1129;HV Motor MTR-SS33-1129;3.3kV;0;5
MTR-SS33-116B;HV Motor MTR-SS33-116B;11kV;0;7
MTR-SS33-132C;HV Motor MTR-SS33-132C;3.3kV;0;15
MTR-SS33-137B;HV Motor MTR-SS33-137B;3.3kV;0;13
MTR-SS33-15;HV Motor MTR-SS33-15;33kV;0;6
MTR-SS33-159;HV Motor MTR-SS33-159;33kV;0;6
MTR-SS33-175C;HV Motor MTR-SS33-175C;11kV;0;14
MTR-SS33-233C;HV Motor MTR-SS33-233C;11kV;0;7
MTR-SS33-234B;HV Motor MTR-SS33-234B;33kV;0;6
MTR-SS33-243B;HV Motor MTR-SS33-243B;3.3kV;0;7
MTR-SS33-251;HV Motor MTR-SS33-251;33kV;0;13
MTR-SS33-277A;HV Motor MTR-SS33-277A;11kV;0;7
MTR-SS33-290;HV Motor MTR-SS33-290;11kV;0;7
MTR-SS33-2C;HV Motor MTR-SS33-2C;11kV;0;13
MTR-SS33-318B;HV Motor MTR-SS33-318B;3.3kV;0;6
MTR-SS33-388A;HV Motor MTR-SS33-388A;6.6kV;0;6
MTR-SS33-38C;HV Motor MTR-SS33-38C;33kV;0;26
MTR-SS33-395C;HV Motor MTR-SS33-395C;3.3kV;0;27
MTR-SS33-407;HV Motor MTR-SS33-407;3.3kV;0;14
MTR-SS33-410;HV Motor MTR-SS33-410;33kV;0;6
MTR-SS33-442C;HV Motor MTR-SS33-442C;3.3kV;0;26
MTR-SS33-449;HV Motor MTR-SS33-449;11kV;0;6
MTR-SS33-497A;HV Motor MTR-SS33-497A;3.3kV;0;26
MTR-SS33-49B;HV Motor MTR-SS33-49B;11kV;0;6
MTR-SS33-509A;HV Motor MTR-SS33-509A;6.6kV;0;6
MTR-SS33-511C;HV Motor MTR-SS33-511C;6.6kV;0;15
MTR-SS33-54C;HV Motor MTR-SS33-54C;6.6kV;0;7
MTR-SS33-592A;HV Motor MTR-SS33-592A;3.3kV;0;3
MTR-SS33-599B;HV Motor MTR-SS33-599B;3.3kV;0;13
MTR-SS33-603B;HV Motor MTR-SS33-603B;33kV;0;7
MTR-SS33-605C;HV Motor MTR-SS33-605C;11kV;0;15
MTR-SS33-622A;HV Motor MTR-SS33-622A;33kV;0;27
MTR-SS33-640B;HV Motor MTR-SS33-640B;33kV;0;7
MTR-SS33-675C;HV Motor MTR-SS33-675C;33kV;0;6
MTR-SS33-682;HV Motor MTR-SS33-682;6.6kV;0;13
MTR-SS33-693;HV Motor MTR-SS33-693;33kV;0;26
MTR-SS33-73B;HV Motor MTR-SS33-73B;11kV;0;5
MTR-SS33-741C;HV Motor MTR-SS33-741C;11kV;0;2
MTR-SS33-747A;HV Motor MTR-SS33-747A;11kV;0;7
MTR-SS33-784B;HV Motor MTR-SS33-784B;11kV;0;7
MTR-SS33-788A;HV Motor MTR-SS33-788A;3.3kV;0;7
MTR-SS33-809;HV Motor MTR-SS33-809;33kV;0;5
MTR-SS33-848A;HV Motor MTR-SS33-848A;3.3kV;0;5
MTR-SS33-889B;HV Motor MTR-SS33-889B;11kV;0;6
MTR-SS33-911A;HV Motor MTR-SS33-911A;11kV;0;13
MTR-SS33-95;HV Motor MTR-SS33-95;6.6kV;0;14
MTR-SS33-950C;HV Motor MTR-SS33-950C;33kV;0;13
MTR-SS33-952B;HV Motor MTR-SS33-952B;6.6kV;0;14
MTR-SS33-959;HV Motor MTR-SS33-959;11kV;0;6
MTR-SS33-963C;HV Motor MTR-SS33-963C;33kV;0;7
MTR-SS33-977B;HV Motor MTR-SS33-977B;6.6kV;0;14
MTR-SS33-982;HV Motor MTR-SS33-982;6.6kV;0;14
MTR-SS33-994C;HV Motor MTR-SS33-994C;33kV;0;7
MTR-UR1-1054A;HV Motor MTR-UR1-1054A;11kV;0;14
MTR-UR1-1078C;HV Motor MTR-UR1-1078C;11kV;0;4
MTR-UR1-1123C;HV Motor MTR-UR1-1123C;6.6kV;0;7
MTR-UR1-1130B;HV Motor MTR-UR1-1130B;33kV;0;6
MTR-UR1-1139A;HV Motor MTR-UR1-1139A;6.6kV;0;7
MTR-UR1-1171B;HV Motor MTR-UR1-1171B;6.6kV;0;14
MTR-UR1-1181A;HV Motor MTR-UR1-1181A;6.6kV;0;2
MTR-UR1-1184A;HV Motor MTR-UR1-1184A;3.3kV;0;13
MTR-UR1-1191B;HV Motor MTR-UR1-1191B;33kV;0;14
MTR-UR1-161C;HV Motor MTR-UR1-161C;3.3kV;0;6
MTR-UR1-165A;HV Motor MTR-UR1-165A;6.6kV;0;7
MTR-UR1-167;HV Motor MTR-UR1-167;3.3kV;0;14
MTR-UR1-171B;HV Motor MTR-UR1-171B;6.6kV;0;7
MTR-UR1-174B;HV Motor MTR-UR1-174B;11kV;0;27
MTR-UR1-176C;HV Motor MTR-UR1-176C;6.6kV;0;6
MTR-UR1-183A;HV Motor MTR-UR1-183A;11kV;0;14
MTR-UR1-193B;HV Motor MTR-UR1-193B;3.3kV;0;27
MTR-UR1-197B;HV Motor MTR-UR1-197B;33kV;0;7
MTR-UR1-217C;HV Motor MTR-UR1-217C;3.3kV;0;6
MTR-UR1-237A;HV Motor MTR-UR1-237A;3.3kV;0;26
MTR-UR1-239C;HV Motor MTR-UR1-239C;11kV;0;7
MTR-UR1-250;HV Motor MTR-UR1-250;6.6kV;0;6
MTR-UR1-256B;HV Motor MTR-UR1-256B;11kV;0;13
MTR-UR1-266;HV Motor MTR-UR1-266;11kV;0;11
MTR-UR1-286B;HV Motor MTR-UR1-286B;33kV;0;6
MTR-UR1-301;HV Motor MTR-UR1-301;33kV;0;13
MTR-UR1-30C;HV Motor MTR-UR1-30C;6.6kV;0;7
MTR-UR1-327;HV Motor MTR-UR1-327;11kV;0;7
MTR-UR1-35A;HV Motor MTR-UR1-35A;11kV;0;27
MTR-UR1-373A;HV Motor MTR-UR1-373A;6.6kV;0;13
MTR-UR1-379C;HV Motor MTR-UR1-379C;6.6kV;0;7
MTR-UR1-401C;HV Motor MTR-UR1-401C;6.6kV;0;13
MTR-UR1-420B;HV Motor MTR-UR1-420B;3.3kV;0;7
MTR-UR1-439B;HV Motor MTR-UR1-439B;6.6kV;0;6
MTR-UR1-50A;HV Motor MTR-UR1-50A;6.6kV;0;13
MTR-UR1-515A;HV Motor MTR-UR1-515A;6.6kV;0;2
MTR-UR1-518B;HV Motor MTR-UR1-518B;3.3kV;0;14
MTR-UR1-524A;HV Motor MTR-UR1-524A;11kV;0;27
MTR-UR1-52B;HV Motor MTR-UR1-52B;6.6kV;0;3
MTR-UR1-531;HV Motor MTR-UR1-531;6.6kV;0;15
MTR-UR1-587B;HV Motor MTR-UR1-587B;33kV;0;14
MTR-UR1-604B;HV Motor MTR-UR1-604B;6.6kV;0;13
MTR-UR1-634;HV Motor MTR-UR1-634;33kV;0;7
MTR-UR1-63B;HV Motor MTR-UR1-63B;33kV;0;14
MTR-UR1-64B;HV Motor MTR-UR1-64B;11kV;0;27
MTR-UR1-665A;HV Motor MTR-UR1-665A;33kV;0;27
MTR-UR1-680B;HV Motor MTR-UR1-680B;6.6kV;0;7
MTR-UR1-691A;HV Motor MTR-UR1-691A;11kV;0;7
MTR-UR1-705B;HV Motor MTR-UR1-705B;3.3kV;0;3
MTR-UR1-727C;HV Motor MTR-UR1-727C;6.6kV;0;6
MTR-UR1-763;HV Motor MTR-UR1-763;33kV;0;7
MTR-UR1-777;HV Motor MTR-UR1-777;6.6kV;0;13
MTR-UR1-820A;HV Motor MTR-UR1-820A;33kV;0;6
MTR-UR1-82B;HV Motor MTR-UR1-82B;6.6kV;0;7
MTR-UR1-855C;HV Motor MTR-UR1-855C;3.3kV;0;6
MTR-UR1-856B;HV Motor MTR-UR1-856B;6.6kV;0;14
MTR-UR1-865B;HV Motor MTR-UR1-865B;3.3kV;0;13
MTR-UR1-902;HV Motor MTR-UR1-902;33kV;0;13
MTR-UR1-927C;HV Motor MTR-UR1-927C;11kV;0;6
MTR-UR1-942;HV Motor MTR-UR1-942;11kV;0;13
MTR-UR1-975B;HV Motor MTR-UR1-975B;11kV;0;13
MTR-UR1-996B;HV Motor MTR-UR1-996B;3.3kV;0;7
MTR-UR2-1004A;HV Motor MTR-UR2-1004A;3.3kV;0;6
MTR-UR2-1005;HV Motor MTR-UR2-1005;3.3kV;0;8
MTR-UR2-1012A;HV Motor MTR-UR2-1012A;33kV;0;28
MTR-UR2-1014A;HV Motor MTR-UR2-1014A;11kV;0;6
MTR-UR2-1076C;HV Motor MTR-UR2-1076C;6.6kV;0;25
MTR-UR2-1111;HV Motor MTR-UR2-1111;33kV;0;27
MTR-UR2-1132A;HV Motor MTR-UR2-1132A;11kV;0;13
MTR-UR2-1141C;HV Motor MTR-UR2-1141C;33kV;0;6
MTR-UR2-1147B;HV Motor MTR-UR2-1147B;3.3kV;0;14
MTR-UR2-1149B;HV Motor MTR-UR2-1149B;11kV;0;7
MTR-UR2-1155B;HV Motor MTR-UR2-1155B;11kV;0;13
MTR-UR2-1167A;HV Motor MTR-UR2-1167A;3.3kV;0;6
MTR-UR2-117;HV Motor MTR-UR2-117;11kV;0;6
MTR-UR2-156B;HV Motor MTR-UR2-156B;33kV;0;5
MTR-UR2-185A;HV Motor MTR-UR2-185A;3.3kV;0;13
MTR-UR2-203C;HV Motor MTR-UR2-203C;11kV;0;6
MTR-UR2-208C;HV Motor MTR-UR2-208C;33kV;0;27
MTR-UR2-24;HV Motor MTR-UR2-24;11kV;0;13
MTR-UR2-241;HV Motor MTR-UR2-241;33kV;0;3
MTR-UR2-244;HV Motor MTR-UR2-244;6.6kV;0;6
MTR-UR2-247B;HV Motor MTR-UR2-247B;3.3kV;0;4
MTR-UR2-283;HV Motor MTR-UR2-283;6.6kV;0;14
MTR-UR2-298B;HV Motor MTR-UR2-298B;3.3kV;0;6
MTR-UR2-311A;HV Motor MTR-UR2-311A;3.3kV;0;13
MTR-UR2-331;HV Motor MTR-UR2-331;11kV;0;13
MTR-UR2-343C;HV Motor MTR-UR2-343C;33kV;0;4
MTR-UR2-409A;HV Motor MTR-UR2-409A;33kV;0;13
MTR-UR2-40B;HV Motor MTR-UR2-40B;33kV;0;27
MTR-UR2-434B;HV Motor MTR-UR2-434B;33kV;0;7
MTR-UR2-46;HV Motor MTR-UR2-46;33kV;0;6
MTR-UR2-463B;HV Motor MTR-UR2-463B;11kV;0;7
MTR-UR2-48;HV Motor MTR-UR2-48;3.3kV;0;6
MTR-UR2-481C;HV Motor MTR-UR2-481C;33kV;0;14
MTR-UR2-487A;HV Motor MTR-UR2-487A;3.3kV;0;6
MTR-UR2-505C;HV Motor MTR-UR2-505C;11kV;0;13
MTR-UR2-508C;HV Motor MTR-UR2-508C;11kV;0;6
MTR-UR2-523;HV Motor MTR-UR2-523;33kV;0;6
MTR-UR2-538B;HV Motor MTR-UR2-538B;3.3kV;0;7
MTR-UR2-542B;HV Motor MTR-UR2-542B;33kV;0;7
MTR-UR2-552;HV Motor MTR-UR2-552;3.3kV;0;14
MTR-UR2-555C;HV Motor MTR-UR2-555C;33kV;0;7
MTR-UR2-561B;HV Motor MTR-UR2-561B;6.6kV;0;7
MTR-UR2-568C;HV Motor MTR-UR2-568C;3.3kV;0;13
MTR-UR2-642;HV Motor MTR-UR2-642;6.6kV;0;26
MTR-UR2-683B;HV Motor MTR-UR2-683B;33kV;0;6
MTR-UR2-792;HV Motor MTR-UR2-792;33kV;0;7
MTR-UR2-79C;HV Motor MTR-UR2-79C;6.6kV;0;7
MTR-UR2-833C;HV Motor MTR-UR2-833C;6.6kV;0;13
MTR-UR2-906C;HV Motor MTR-UR2-906C;6.6kV;0;12
MTR-UR2-915B;HV Motor MTR-UR2-915B;3.3kV;0;27
MTR-UTIL-1006;HV Motor MTR-UTIL-1006;3.3kV;0;11
MTR-UTIL-1015C;HV Motor MTR-UTIL-1015C;6.6kV;0;14
MTR-UTIL-1016B;HV Motor MTR-UTIL-1016B;11kV;0;7
MTR-UTIL-1038C;HV Motor MTR-UTIL-1038C;33kV;0;6
MTR-UTIL-1059;HV Motor MTR-UTIL-1059;11kV;0;7
MTR-UTIL-106B;HV Motor MTR-UTIL-106B;6.6kV;0;14
MTR-UTIL-1074C;HV Motor MTR-UTIL-1074C;6.6kV;0;26
MTR-UTIL-1075B;HV Motor MTR-UTIL-1075B;33kV;0;26
MTR-UTIL-1128A;HV Motor MTR-UTIL-1128A;11kV;0;6
MTR-UTIL-1136C;HV Motor MTR-UTIL-1136C;3.3kV;0;6
MTR-UTIL-1146C;HV Motor MTR-UTIL-1146C;11kV;0;14
MTR-UTIL-1187;HV Motor MTR-UTIL-1187;33kV;0;7
MTR-UTIL-1194C;HV Motor MTR-UTIL-1194C;6.6kV;0;26
MTR-UTIL-12B;HV Motor MTR-UTIL-12B;11kV;0;6
MTR-UTIL-148A;HV Motor MTR-UTIL-148A;33kV;0;27
MTR-UTIL-1A;HV Motor MTR-UTIL-1A;33kV;0;6
MTR-UTIL-204A;HV Motor MTR-UTIL-204A;6.6kV;0;24
MTR-UTIL-214B;HV Motor MTR-UTIL-214B;6.6kV;0;7
MTR-UTIL-252;HV Motor MTR-UTIL-252;11kV;0;7
MTR-UTIL-255C;HV Motor MTR-UTIL-255C;3.3kV;0;13
MTR-UTIL-26;HV Motor MTR-UTIL-26;3.3kV;0;6
MTR-UTIL-268;HV Motor MTR-UTIL-268;6.6kV;0;7
MTR-UTIL-287A;HV Motor MTR-UTIL-287A;11kV;0;6
MTR-UTIL-305C;HV Motor MTR-UTIL-305C;11kV;0;7
MTR-UTIL-310C;HV Motor MTR-UTIL-310C;11kV;0;2
MTR-UTIL-329C;HV Motor MTR-UTIL-329C;11kV;0;7
MTR-UTIL-364B;HV Motor MTR-UTIL-364B;11kV;0;27
MTR-UTIL-393C;HV Motor MTR-UTIL-393C;11kV;0;6
MTR-UTIL-406;HV Motor MTR-UTIL-406;6.6kV;0;13
MTR-UTIL-408B;HV Motor MTR-UTIL-408B;11kV;0;6
MTR-UTIL-412B;HV Motor MTR-UTIL-412B;11kV;0;27
MTR-UTIL-428A;HV Motor MTR-UTIL-428A;3.3kV;0;12
MTR-UTIL-431B;HV Motor MTR-UTIL-431B;11kV;0;7
MTR-UTIL-465C;HV Motor MTR-UTIL-465C;6.6kV;0;14
MTR-UTIL-471B;HV Motor MTR-UTIL-471B;11kV;0;28
MTR-UTIL-480C;HV Motor MTR-UTIL-480C;11kV;0;6
MTR-UTIL-484B;HV Motor MTR-UTIL-484B;6.6kV;0;13
MTR-UTIL-489B;HV Motor MTR-UTIL-489B;11kV;0;12
MTR-UTIL-506A;HV Motor MTR-UTIL-506A;11kV;0;3
MTR-UTIL-55A;HV Motor MTR-UTIL-55A;3.3kV;0;12
MTR-UTIL-564A;HV Motor MTR-UTIL-564A;3.3kV;0;7
MTR-UTIL-58;HV Motor MTR-UTIL-58;33kV;0;27
MTR-UTIL-582B;HV Motor MTR-UTIL-582B;3.3kV;0;15
MTR-UTIL-617C;HV Motor MTR-UTIL-617C;3.3kV;0;13
MTR-UTIL-632;HV Motor MTR-UTIL-632;3.3kV;0;13
MTR-UTIL-636B;HV Motor MTR-UTIL-636B;33kV;0;14
MTR-UTIL-657;HV Motor MTR-UTIL-657;33kV;0;26
MTR-UTIL-669C;HV Motor MTR-UTIL-669C;33kV;0;6
MTR-UTIL-715A;HV Motor MTR-UTIL-715A;6.6kV;0;7
MTR-UTIL-721B;HV Motor MTR-UTIL-721B;33kV;0;7
MTR-UTIL-764;HV Motor MTR-UTIL-764;33kV;0;3
MTR-UTIL-768;HV Motor MTR-UTIL-768;33kV;0;25
MTR-UTIL-771A;HV Motor MTR-UTIL-771A;33kV;0;15
MTR-UTIL-774;HV Motor MTR-UTIL-774;6.6kV;0;14
MTR-UTIL-799B;HV Motor MTR-UTIL-799B;3.3kV;0;15
MTR-UTIL-819;HV Motor MTR-UTIL-819;6.6kV;0;7
MTR-UTIL-850B;HV Motor MTR-UTIL-850B;3.3kV;0;13
MTR-UTIL-880;HV Motor MTR-UTIL-880;33kV;0;3
MTR-UTIL-882C;HV Motor MTR-UTIL-882C;33kV;0;12
MTR-UTIL-919A;HV Motor MTR-UTIL-919A;33kV;0;7
MTR-UTIL-922B;HV Motor MTR-UTIL-922B;3.3kV;0;27
MTR-UTIL-92B;HV Motor MTR-UTIL-92B;11kV;0;5
MTR-UTIL-93C;HV Motor MTR-UTIL-93C;33kV;0;7
MTR-UTIL-947C;HV Motor MTR-UTIL-947C;11kV;0;14
MTR-UTIL-964;HV Motor MTR-UTIL-964;6.6kV;0;12
MTR-UTIL-968B;HV Motor MTR-UTIL-968B;11kV;0;25
MTR-UTIL-971;HV Motor MTR-UTIL-971;33kV;0;7
MTR-UTIL-985C;HV Motor MTR-UTIL-985C;6.6kV;0;26
MTR-UTIL-98A;HV Motor MTR-UTIL-98A;6.6kV;0;7
MTR-UTIL-997C;HV Motor MTR-UTIL-997C;6.6kV;0;27
MTR-UTIL-998A;HV Motor MTR-UTIL-998A;11kV;0;6
QA-092;QA TESREQ;6.6kV;1;1
QA-REG-AST-01;QA Regression Asset;6.6kV;0;1
SWG-AMM-1063C;MV Switchgear SWG-AMM-1063C;3.3kV;0;7
SWG-AMM-1099C;MV Switchgear SWG-AMM-1099C;6.6kV;0;13
SWG-AMM-1137A;MV Switchgear SWG-AMM-1137A;3.3kV;0;27
SWG-AMM-1161;MV Switchgear SWG-AMM-1161;3.3kV;0;13
SWG-AMM-145;MV Switchgear SWG-AMM-145;11kV;0;6
SWG-AMM-190C;MV Switchgear SWG-AMM-190C;6.6kV;0;27
SWG-AMM-198B;MV Switchgear SWG-AMM-198B;3.3kV;0;14
SWG-AMM-210B;MV Switchgear SWG-AMM-210B;3.3kV;0;6
SWG-AMM-342C;MV Switchgear SWG-AMM-342C;11kV;0;7
SWG-AMM-490B;MV Switchgear SWG-AMM-490B;11kV;0;6
SWG-AMM-566B;MV Switchgear SWG-AMM-566B;6.6kV;0;6
SWG-AMM-613B;MV Switchgear SWG-AMM-613B;6.6kV;0;15
SWG-AMM-630;MV Switchgear SWG-AMM-630;6.6kV;0;26
SWG-AMM-751A;MV Switchgear SWG-AMM-751A;33kV;0;13
SWG-AMM-793C;MV Switchgear SWG-AMM-793C;33kV;0;7
SWG-AMM-807B;MV Switchgear SWG-AMM-807B;11kV;0;6
SWG-AMM-912C;MV Switchgear SWG-AMM-912C;11kV;0;27
SWG-AMM-933B;MV Switchgear SWG-AMM-933B;33kV;0;2
SWG-PLB-1126B;MV Switchgear SWG-PLB-1126B;6.6kV;0;6
SWG-PLB-1162C;MV Switchgear SWG-PLB-1162C;3.3kV;0;7
SWG-PLB-169;MV Switchgear SWG-PLB-169;33kV;0;7
SWG-PLB-173C;MV Switchgear SWG-PLB-173C;6.6kV;0;6
SWG-PLB-177C;MV Switchgear SWG-PLB-177C;33kV;0;26
SWG-PLB-225B;MV Switchgear SWG-PLB-225B;6.6kV;0;13
SWG-PLB-25B;MV Switchgear SWG-PLB-25B;33kV;0;13
SWG-PLB-299B;MV Switchgear SWG-PLB-299B;11kV;0;14
SWG-PLB-326;MV Switchgear SWG-PLB-326;6.6kV;0;7
SWG-PLB-360A;MV Switchgear SWG-PLB-360A;3.3kV;0;7
SWG-PLB-4;MV Switchgear SWG-PLB-4;11kV;0;5
SWG-PLB-437A;MV Switchgear SWG-PLB-437A;6.6kV;0;27
SWG-PLB-453C;MV Switchgear SWG-PLB-453C;3.3kV;0;3
SWG-PLB-586B;MV Switchgear SWG-PLB-586B;3.3kV;0;2
SWG-PLB-66;MV Switchgear SWG-PLB-66;6.6kV;0;6
SWG-PLB-706A;MV Switchgear SWG-PLB-706A;3.3kV;0;14
SWG-PLB-745;MV Switchgear SWG-PLB-745;33kV;0;6
SWG-PLB-843B;MV Switchgear SWG-PLB-843B;6.6kV;0;7
SWG-PLB-853B;MV Switchgear SWG-PLB-853B;3.3kV;0;14
SWG-PLB-871;MV Switchgear SWG-PLB-871;6.6kV;0;13
SWG-PLB-965A;MV Switchgear SWG-PLB-965A;6.6kV;0;12
SWG-SS33-1010A;MV Switchgear SWG-SS33-1010A;3.3kV;0;27
SWG-SS33-1090A;MV Switchgear SWG-SS33-1090A;6.6kV;0;14
SWG-SS33-1100B;MV Switchgear SWG-SS33-1100B;33kV;0;27
SWG-SS33-1150A;MV Switchgear SWG-SS33-1150A;11kV;0;6
SWG-SS33-122A;MV Switchgear SWG-SS33-122A;33kV;0;7
SWG-SS33-133;MV Switchgear SWG-SS33-133;6.6kV;0;27
SWG-SS33-146;MV Switchgear SWG-SS33-146;33kV;0;27
SWG-SS33-170;MV Switchgear SWG-SS33-170;33kV;0;7
SWG-SS33-27A;MV Switchgear SWG-SS33-27A;3.3kV;0;6
SWG-SS33-398C;MV Switchgear SWG-SS33-398C;6.6kV;0;13
SWG-SS33-423;MV Switchgear SWG-SS33-423;6.6kV;0;13
SWG-SS33-42C;MV Switchgear SWG-SS33-42C;33kV;0;27
SWG-SS33-483A;MV Switchgear SWG-SS33-483A;11kV;0;6
SWG-SS33-607C;MV Switchgear SWG-SS33-607C;3.3kV;0;13
SWG-SS33-641;MV Switchgear SWG-SS33-641;6.6kV;0;28
SWG-SS33-643;MV Switchgear SWG-SS33-643;33kV;0;26
SWG-SS33-700B;MV Switchgear SWG-SS33-700B;11kV;0;7
SWG-SS33-821;MV Switchgear SWG-SS33-821;3.3kV;0;26
SWG-SS33-829B;MV Switchgear SWG-SS33-829B;11kV;0;6
SWG-SS33-876;MV Switchgear SWG-SS33-876;6.6kV;0;7
SWG-SS33-885C;MV Switchgear SWG-SS33-885C;6.6kV;0;14
SWG-SS33-931B;MV Switchgear SWG-SS33-931B;33kV;0;14
SWG-SS33-943;MV Switchgear SWG-SS33-943;6.6kV;0;13
SWG-UR1-1056A;MV Switchgear SWG-UR1-1056A;11kV;0;6
SWG-UR1-1121A;MV Switchgear SWG-UR1-1121A;33kV;0;26
SWG-UR1-1143;MV Switchgear SWG-UR1-1143;6.6kV;0;7
SWG-UR1-1173A;MV Switchgear SWG-UR1-1173A;6.6kV;0;14
SWG-UR1-1177A;MV Switchgear SWG-UR1-1177A;33kV;0;13
SWG-UR1-1195;MV Switchgear SWG-UR1-1195;3.3kV;0;15
SWG-UR1-131;MV Switchgear SWG-UR1-131;33kV;0;7
SWG-UR1-253;MV Switchgear SWG-UR1-253;3.3kV;0;26
SWG-UR1-259C;MV Switchgear SWG-UR1-259C;11kV;0;7
SWG-UR1-262;MV Switchgear SWG-UR1-262;33kV;0;27
SWG-UR1-280B;MV Switchgear SWG-UR1-280B;33kV;0;24
SWG-UR1-293B;MV Switchgear SWG-UR1-293B;3.3kV;0;13
SWG-UR1-473;MV Switchgear SWG-UR1-473;3.3kV;0;7
SWG-UR1-569C;MV Switchgear SWG-UR1-569C;3.3kV;0;15
SWG-UR1-59A;MV Switchgear SWG-UR1-59A;6.6kV;0;11
SWG-UR1-601C;MV Switchgear SWG-UR1-601C;3.3kV;0;5
SWG-UR1-615A;MV Switchgear SWG-UR1-615A;11kV;0;6
SWG-UR1-723;MV Switchgear SWG-UR1-723;3.3kV;0;14
SWG-UR1-744B;MV Switchgear SWG-UR1-744B;33kV;0;7
SWG-UR1-781C;MV Switchgear SWG-UR1-781C;11kV;0;6
SWG-UR1-824;MV Switchgear SWG-UR1-824;3.3kV;0;3
SWG-UR1-830A;MV Switchgear SWG-UR1-830A;33kV;0;13
SWG-UR1-868B;MV Switchgear SWG-UR1-868B;6.6kV;0;14
SWG-UR1-935A;MV Switchgear SWG-UR1-935A;6.6kV;0;14
SWG-UR1-953;MV Switchgear SWG-UR1-953;11kV;0;13
SWG-UR2-1023A;MV Switchgear SWG-UR2-1023A;6.6kV;0;6
SWG-UR2-1033A;MV Switchgear SWG-UR2-1033A;6.6kV;0;15
SWG-UR2-1068B;MV Switchgear SWG-UR2-1068B;11kV;0;2
SWG-UR2-1071B;MV Switchgear SWG-UR2-1071B;11kV;0;6
SWG-UR2-1083A;MV Switchgear SWG-UR2-1083A;11kV;0;7
SWG-UR2-1186;MV Switchgear SWG-UR2-1186;6.6kV;0;28
SWG-UR2-153C;MV Switchgear SWG-UR2-153C;11kV;0;7
SWG-UR2-178A;MV Switchgear SWG-UR2-178A;33kV;0;7
SWG-UR2-17A;MV Switchgear SWG-UR2-17A;6.6kV;0;6
SWG-UR2-213A;MV Switchgear SWG-UR2-213A;6.6kV;0;14
SWG-UR2-261C;MV Switchgear SWG-UR2-261C;6.6kV;0;7
SWG-UR2-278C;MV Switchgear SWG-UR2-278C;11kV;0;13
SWG-UR2-285C;MV Switchgear SWG-UR2-285C;3.3kV;0;6
SWG-UR2-399B;MV Switchgear SWG-UR2-399B;3.3kV;0;7
SWG-UR2-436;MV Switchgear SWG-UR2-436;6.6kV;0;7
SWG-UR2-47;MV Switchgear SWG-UR2-47;33kV;0;26
SWG-UR2-507B;MV Switchgear SWG-UR2-507B;3.3kV;0;14
SWG-UR2-512A;MV Switchgear SWG-UR2-512A;11kV;0;3
SWG-UR2-573B;MV Switchgear SWG-UR2-573B;11kV;0;23
SWG-UR2-581;MV Switchgear SWG-UR2-581;3.3kV;0;13
SWG-UR2-749A;MV Switchgear SWG-UR2-749A;33kV;0;5
SWG-UR2-753B;MV Switchgear SWG-UR2-753B;11kV;0;7
SWG-UR2-779B;MV Switchgear SWG-UR2-779B;6.6kV;0;14
SWG-UR2-795A;MV Switchgear SWG-UR2-795A;33kV;0;14
SWG-UR2-858;MV Switchgear SWG-UR2-858;6.6kV;0;6
SWG-UR2-886;MV Switchgear SWG-UR2-886;33kV;0;6
SWG-UR2-897A;MV Switchgear SWG-UR2-897A;3.3kV;0;7
SWG-UR2-941B;MV Switchgear SWG-UR2-941B;6.6kV;0;13
SWG-UTIL-1192C;MV Switchgear SWG-UTIL-1192C;11kV;0;28
SWG-UTIL-229C;MV Switchgear SWG-UTIL-229C;33kV;0;7
SWG-UTIL-265A;MV Switchgear SWG-UTIL-265A;33kV;0;7
SWG-UTIL-275B;MV Switchgear SWG-UTIL-275B;33kV;0;3
SWG-UTIL-44B;MV Switchgear SWG-UTIL-44B;3.3kV;0;6
SWG-UTIL-527C;MV Switchgear SWG-UTIL-527C;6.6kV;0;13
SWG-UTIL-541B;MV Switchgear SWG-UTIL-541B;11kV;0;6
SWG-UTIL-556A;MV Switchgear SWG-UTIL-556A;3.3kV;0;6
SWG-UTIL-652B;MV Switchgear SWG-UTIL-652B;33kV;0;13
SWG-UTIL-662B;MV Switchgear SWG-UTIL-662B;33kV;0;5
SWG-UTIL-663A;MV Switchgear SWG-UTIL-663A;11kV;0;7
SWG-UTIL-696C;MV Switchgear SWG-UTIL-696C;33kV;0;6
SWG-UTIL-759B;MV Switchgear SWG-UTIL-759B;11kV;0;13
SWG-UTIL-861A;MV Switchgear SWG-UTIL-861A;33kV;0;13
SWG-UTIL-873;MV Switchgear SWG-UTIL-873;6.6kV;0;6
SWG-UTIL-887;MV Switchgear SWG-UTIL-887;6.6kV;0;6
SWG-UTIL-916C;MV Switchgear SWG-UTIL-916C;6.6kV;0;28
SWG-UTIL-938C;MV Switchgear SWG-UTIL-938C;6.6kV;0;13
SWG-UTIL-940B;MV Switchgear SWG-UTIL-940B;6.6kV;0;26
SWG-UTIL-951;MV Switchgear SWG-UTIL-951;11kV;0;5
TEST ID 13;TRAFO TEST 13;12kv;1;2
TEST QA;QA TEST NAME;12kv;1;1
TR-AMM-1011B;Power Transformer TR-AMM-1011B;33kV;1;13
TR-AMM-1019;Power Transformer TR-AMM-1019;33kV;1;27
TR-AMM-1029B;Power Transformer TR-AMM-1029B;33kV;1;2
TR-AMM-102B;Power Transformer TR-AMM-102B;6.6kV;1;14
TR-AMM-1032;Power Transformer TR-AMM-1032;33kV;1;6
TR-AMM-1034;Power Transformer TR-AMM-1034;33kV;1;14
TR-AMM-1037;Power Transformer TR-AMM-1037;3.3kV;1;3
TR-AMM-1053;Power Transformer TR-AMM-1053;6.6kV;1;26
TR-AMM-105C;Power Transformer TR-AMM-105C;11kV;1;7
TR-AMM-1084B;Power Transformer TR-AMM-1084B;3.3kV;1;3
TR-AMM-108C;Power Transformer TR-AMM-108C;33kV;1;13
TR-AMM-1093A;Power Transformer TR-AMM-1093A;3.3kV;1;7
TR-AMM-1096B;Power Transformer TR-AMM-1096B;33kV;1;7
TR-AMM-1097B;Power Transformer TR-AMM-1097B;11kV;1;7
TR-AMM-1107A;Power Transformer TR-AMM-1107A;11kV;1;26
TR-AMM-1124B;Power Transformer TR-AMM-1124B;11kV;1;7
TR-AMM-1133C;Power Transformer TR-AMM-1133C;6.6kV;1;14
TR-AMM-1165C;Power Transformer TR-AMM-1165C;33kV;1;7
TR-AMM-139B;Power Transformer TR-AMM-139B;3.3kV;1;6
TR-AMM-147B;Power Transformer TR-AMM-147B;11kV;1;5
TR-AMM-187A;Power Transformer TR-AMM-187A;6.6kV;1;25
TR-AMM-215C;Power Transformer TR-AMM-215C;3.3kV;1;2
TR-AMM-220C;Power Transformer TR-AMM-220C;3.3kV;1;6
TR-AMM-226C;Power Transformer TR-AMM-226C;33kV;1;7
TR-AMM-22A;Power Transformer TR-AMM-22A;11kV;1;14
TR-AMM-254B;Power Transformer TR-AMM-254B;33kV;1;7
TR-AMM-274B;Power Transformer TR-AMM-274B;6.6kV;1;6
TR-AMM-292A;Power Transformer TR-AMM-292A;3.3kV;1;14
TR-AMM-325;Power Transformer TR-AMM-325;6.6kV;1;7
TR-AMM-334C;Power Transformer TR-AMM-334C;6.6kV;1;13
TR-AMM-339;Power Transformer TR-AMM-339;6.6kV;1;6
TR-AMM-340;Power Transformer TR-AMM-340;3.3kV;1;6
TR-AMM-352A;Power Transformer TR-AMM-352A;33kV;1;6
TR-AMM-370C;Power Transformer TR-AMM-370C;6.6kV;1;5
TR-AMM-377;Power Transformer TR-AMM-377;33kV;1;6
TR-AMM-380B;Power Transformer TR-AMM-380B;33kV;1;6
TR-AMM-386C;Power Transformer TR-AMM-386C;11kV;1;6
TR-AMM-403A;Power Transformer TR-AMM-403A;11kV;1;14
TR-AMM-445C;Power Transformer TR-AMM-445C;3.3kV;1;6
TR-AMM-455B;Power Transformer TR-AMM-455B;3.3kV;1;26
TR-AMM-472;Power Transformer TR-AMM-472;33kV;1;13
TR-AMM-474A;Power Transformer TR-AMM-474A;33kV;1;26
TR-AMM-488B;Power Transformer TR-AMM-488B;11kV;1;13
TR-AMM-516B;Power Transformer TR-AMM-516B;6.6kV;1;6
TR-AMM-532A;Power Transformer TR-AMM-532A;6.6kV;1;12
TR-AMM-543A;Power Transformer TR-AMM-543A;11kV;1;26
TR-AMM-549A;Power Transformer TR-AMM-549A;11kV;1;7
TR-AMM-560;Power Transformer TR-AMM-560;6.6kV;1;6
TR-AMM-57B;Power Transformer TR-AMM-57B;6.6kV;1;6
TR-AMM-610A;Power Transformer TR-AMM-610A;6.6kV;1;7
TR-AMM-624;Power Transformer TR-AMM-624;33kV;1;5
TR-AMM-626A;Power Transformer TR-AMM-626A;11kV;1;7
TR-AMM-635A;Power Transformer TR-AMM-635A;3.3kV;1;7
TR-AMM-654C;Power Transformer TR-AMM-654C;6.6kV;1;13
TR-AMM-661;Power Transformer TR-AMM-661;6.6kV;1;7
TR-AMM-672;Power Transformer TR-AMM-672;3.3kV;1;7
TR-AMM-679;Power Transformer TR-AMM-679;11kV;1;6
TR-AMM-681A;Power Transformer TR-AMM-681A;11kV;1;6
TR-AMM-710A;Power Transformer TR-AMM-710A;33kV;1;25
TR-AMM-720B;Power Transformer TR-AMM-720B;33kV;1;13
TR-AMM-724B;Power Transformer TR-AMM-724B;6.6kV;1;7
TR-AMM-754C;Power Transformer TR-AMM-754C;6.6kV;1;6
TR-AMM-762;Power Transformer TR-AMM-762;33kV;1;7
TR-AMM-773A;Power Transformer TR-AMM-773A;11kV;1;7
TR-AMM-785B;Power Transformer TR-AMM-785B;33kV;1;29
TR-AMM-797A;Power Transformer TR-AMM-797A;3.3kV;1;7
TR-AMM-816;Power Transformer TR-AMM-816;11kV;1;13
TR-AMM-817B;Power Transformer TR-AMM-817B;6.6kV;1;13
TR-AMM-836;Power Transformer TR-AMM-836;3.3kV;1;7
TR-AMM-83A;Power Transformer TR-AMM-83A;33kV;1;7
TR-AMM-84;Power Transformer TR-AMM-84;6.6kV;1;15
TR-AMM-849A;Power Transformer TR-AMM-849A;6.6kV;1;7
TR-AMM-857A;Power Transformer TR-AMM-857A;3.3kV;1;14
TR-AMM-859B;Power Transformer TR-AMM-859B;3.3kV;1;5
TR-AMM-86;Power Transformer TR-AMM-86;6.6kV;1;4
TR-AMM-869C;Power Transformer TR-AMM-869C;6.6kV;1;12
TR-AMM-875C;Power Transformer TR-AMM-875C;11kV;1;2
TR-AMM-881A;Power Transformer TR-AMM-881A;11kV;1;14
TR-AMM-894A;Power Transformer TR-AMM-894A;3.3kV;1;14
TR-AMM-905;Power Transformer TR-AMM-905;11kV;1;27
TR-AMM-907;Power Transformer TR-AMM-907;11kV;1;26
TR-AMM-910A;Power Transformer TR-AMM-910A;33kV;1;6
TR-AMM-936A;Power Transformer TR-AMM-936A;33kV;1;7
TR-AMM-949A;Power Transformer TR-AMM-949A;6.6kV;1;13
TR-AMM-956A;Power Transformer TR-AMM-956A;33kV;1;6
TR-AMM-974A;Power Transformer TR-AMM-974A;3.3kV;1;14
TR-AMM-984A;Power Transformer TR-AMM-984A;6.6kV;1;14
TR-AMM-988C;Power Transformer TR-AMM-988C;33kV;1;3
TR-AMM-99A;Power Transformer TR-AMM-99A;11kV;1;13
TR-PLB-1003A;Power Transformer TR-PLB-1003A;3.3kV;1;28
TR-PLB-1024;Power Transformer TR-PLB-1024;33kV;1;6
TR-PLB-1028A;Power Transformer TR-PLB-1028A;6.6kV;1;6
TR-PLB-1048B;Power Transformer TR-PLB-1048B;11kV;1;7
TR-PLB-1061B;Power Transformer TR-PLB-1061B;3.3kV;1;13
TR-PLB-1062A;Power Transformer TR-PLB-1062A;3.3kV;1;13
TR-PLB-1079A;Power Transformer TR-PLB-1079A;6.6kV;1;7
TR-PLB-1105A;Power Transformer TR-PLB-1105A;11kV;1;12
TR-PLB-1119A;Power Transformer TR-PLB-1119A;6.6kV;1;6
TR-PLB-1131A;Power Transformer TR-PLB-1131A;3.3kV;1;13
TR-PLB-1135B;Power Transformer TR-PLB-1135B;11kV;1;14
TR-PLB-1145;Power Transformer TR-PLB-1145;11kV;1;6
TR-PLB-1148C;Power Transformer TR-PLB-1148C;33kV;1;13
TR-PLB-1151C;Power Transformer TR-PLB-1151C;33kV;1;3
TR-PLB-1154C;Power Transformer TR-PLB-1154C;11kV;1;6
TR-PLB-1183A;Power Transformer TR-PLB-1183A;3.3kV;1;7
TR-PLB-120;Power Transformer TR-PLB-120;11kV;1;6
TR-PLB-128C;Power Transformer TR-PLB-128C;3.3kV;1;6
TR-PLB-18;Power Transformer TR-PLB-18;3.3kV;1;13
TR-PLB-200B;Power Transformer TR-PLB-200B;6.6kV;1;28
TR-PLB-249;Power Transformer TR-PLB-249;3.3kV;1;13
TR-PLB-294B;Power Transformer TR-PLB-294B;3.3kV;1;6
TR-PLB-32;Power Transformer TR-PLB-32;3.3kV;1;3
TR-PLB-328;Power Transformer TR-PLB-328;33kV;1;14
TR-PLB-33;Power Transformer TR-PLB-33;3.3kV;1;13
TR-PLB-34C;Power Transformer TR-PLB-34C;3.3kV;1;7
TR-PLB-350C;Power Transformer TR-PLB-350C;3.3kV;1;13
TR-PLB-361;Power Transformer TR-PLB-361;33kV;1;7
TR-PLB-374;Power Transformer TR-PLB-374;3.3kV;1;5
TR-PLB-378B;Power Transformer TR-PLB-378B;33kV;1;14
TR-PLB-389B;Power Transformer TR-PLB-389B;3.3kV;1;27
TR-PLB-397B;Power Transformer TR-PLB-397B;3.3kV;1;7
TR-PLB-425B;Power Transformer TR-PLB-425B;6.6kV;1;7
TR-PLB-443;Power Transformer TR-PLB-443;11kV;1;4
TR-PLB-456;Power Transformer TR-PLB-456;3.3kV;1;14
TR-PLB-460B;Power Transformer TR-PLB-460B;33kV;1;7
TR-PLB-502C;Power Transformer TR-PLB-502C;6.6kV;1;7
TR-PLB-571A;Power Transformer TR-PLB-571A;11kV;1;6
TR-PLB-598;Power Transformer TR-PLB-598;33kV;1;27
TR-PLB-6;Power Transformer TR-PLB-6;11kV;1;13
TR-PLB-606;Power Transformer TR-PLB-606;6.6kV;1;6
TR-PLB-629B;Power Transformer TR-PLB-629B;33kV;1;7
TR-PLB-659C;Power Transformer TR-PLB-659C;6.6kV;1;6
TR-PLB-666C;Power Transformer TR-PLB-666C;33kV;1;6
TR-PLB-674B;Power Transformer TR-PLB-674B;6.6kV;1;13
TR-PLB-697;Power Transformer TR-PLB-697;11kV;1;7
TR-PLB-69A;Power Transformer TR-PLB-69A;11kV;1;6
TR-PLB-707B;Power Transformer TR-PLB-707B;33kV;1;13
TR-PLB-725A;Power Transformer TR-PLB-725A;11kV;1;5
TR-PLB-729A;Power Transformer TR-PLB-729A;11kV;1;13
TR-PLB-746C;Power Transformer TR-PLB-746C;11kV;1;7
TR-PLB-758C;Power Transformer TR-PLB-758C;33kV;1;7
TR-PLB-760C;Power Transformer TR-PLB-760C;11kV;1;2
TR-PLB-767;Power Transformer TR-PLB-767;3.3kV;1;7
TR-PLB-782C;Power Transformer TR-PLB-782C;11kV;1;13
TR-PLB-786A;Power Transformer TR-PLB-786A;3.3kV;1;13
TR-PLB-789C;Power Transformer TR-PLB-789C;3.3kV;1;12
TR-PLB-877C;Power Transformer TR-PLB-877C;3.3kV;1;7
TR-PLB-87C;Power Transformer TR-PLB-87C;6.6kV;1;7
TR-PLB-883B;Power Transformer TR-PLB-883B;11kV;1;7
TR-PLB-898A;Power Transformer TR-PLB-898A;6.6kV;1;7
TR-PLB-904;Power Transformer TR-PLB-904;33kV;1;26
TR-PLB-909B;Power Transformer TR-PLB-909B;6.6kV;1;7
TR-PLB-948B;Power Transformer TR-PLB-948B;11kV;1;6
TR-PLB-955;Power Transformer TR-PLB-955;3.3kV;1;3
TR-PLB-957B;Power Transformer TR-PLB-957B;6.6kV;1;13
TR-PLB-980B;Power Transformer TR-PLB-980B;33kV;1;6
TR-PLB-983;Power Transformer TR-PLB-983;11kV;1;7
TR-PLB-990A;Power Transformer TR-PLB-990A;3.3kV;1;7
TR-SS33-1002A;Power Transformer TR-SS33-1002A;33kV;1;13
TR-SS33-1039C;Power Transformer TR-SS33-1039C;3.3kV;1;13
TR-SS33-1040;Power Transformer TR-SS33-1040;11kV;1;7
TR-SS33-1041;Power Transformer TR-SS33-1041;11kV;1;7
TR-SS33-1042A;Power Transformer TR-SS33-1042A;11kV;1;27
TR-SS33-1089C;Power Transformer TR-SS33-1089C;3.3kV;1;6
TR-SS33-1098B;Power Transformer TR-SS33-1098B;33kV;1;14
TR-SS33-112B;Power Transformer TR-SS33-112B;3.3kV;1;6
TR-SS33-1142A;Power Transformer TR-SS33-1142A;11kV;1;4
TR-SS33-1169A;Power Transformer TR-SS33-1169A;11kV;1;7
TR-SS33-1174;Power Transformer TR-SS33-1174;33kV;1;7
TR-SS33-126;Power Transformer TR-SS33-126;6.6kV;1;7
TR-SS33-129C;Power Transformer TR-SS33-129C;33kV;1;14
TR-SS33-138C;Power Transformer TR-SS33-138C;3.3kV;1;6
TR-SS33-162B;Power Transformer TR-SS33-162B;33kV;1;14
TR-SS33-168C;Power Transformer TR-SS33-168C;6.6kV;1;26
TR-SS33-172C;Power Transformer TR-SS33-172C;6.6kV;1;14
TR-SS33-196;Power Transformer TR-SS33-196;11kV;1;6
TR-SS33-227;Power Transformer TR-SS33-227;6.6kV;1;7
TR-SS33-23B;Power Transformer TR-SS33-23B;33kV;1;4
TR-SS33-260A;Power Transformer TR-SS33-260A;3.3kV;1;13
TR-SS33-269C;Power Transformer TR-SS33-269C;33kV;1;13
TR-SS33-276;Power Transformer TR-SS33-276;33kV;1;13
TR-SS33-289;Power Transformer TR-SS33-289;6.6kV;1;7
TR-SS33-300C;Power Transformer TR-SS33-300C;11kV;1;6
TR-SS33-306;Power Transformer TR-SS33-306;11kV;1;13
TR-SS33-308A;Power Transformer TR-SS33-308A;11kV;1;13
TR-SS33-315C;Power Transformer TR-SS33-315C;11kV;1;25
TR-SS33-319A;Power Transformer TR-SS33-319A;6.6kV;1;7
TR-SS33-323C;Power Transformer TR-SS33-323C;11kV;1;27
TR-SS33-357C;Power Transformer TR-SS33-357C;6.6kV;1;14
TR-SS33-37A;Power Transformer TR-SS33-37A;11kV;1;6
TR-SS33-391A;Power Transformer TR-SS33-391A;6.6kV;1;14
TR-SS33-402C;Power Transformer TR-SS33-402C;6.6kV;1;6
TR-SS33-411C;Power Transformer TR-SS33-411C;11kV;1;2
TR-SS33-416B;Power Transformer TR-SS33-416B;6.6kV;1;6
TR-SS33-435C;Power Transformer TR-SS33-435C;33kV;1;13
TR-SS33-494C;Power Transformer TR-SS33-494C;3.3kV;1;7
TR-SS33-519C;Power Transformer TR-SS33-519C;11kV;1;13
TR-SS33-520A;Power Transformer TR-SS33-520A;33kV;1;13
TR-SS33-526A;Power Transformer TR-SS33-526A;11kV;1;27
TR-SS33-589C;Power Transformer TR-SS33-589C;6.6kV;1;15
TR-SS33-591;Power Transformer TR-SS33-591;3.3kV;1;27
TR-SS33-593A;Power Transformer TR-SS33-593A;33kV;1;2
TR-SS33-609A;Power Transformer TR-SS33-609A;6.6kV;1;6
TR-SS33-62A;Power Transformer TR-SS33-62A;11kV;1;7
TR-SS33-644B;Power Transformer TR-SS33-644B;33kV;1;13
TR-SS33-648;Power Transformer TR-SS33-648;11kV;1;7
TR-SS33-684C;Power Transformer TR-SS33-684C;6.6kV;1;7
TR-SS33-686;Power Transformer TR-SS33-686;11kV;1;6
TR-SS33-702C;Power Transformer TR-SS33-702C;3.3kV;1;13
TR-SS33-703;Power Transformer TR-SS33-703;11kV;1;26
TR-SS33-717A;Power Transformer TR-SS33-717A;6.6kV;1;13
TR-SS33-775;Power Transformer TR-SS33-775;33kV;1;7
TR-SS33-78B;Power Transformer TR-SS33-78B;11kV;1;7
TR-SS33-796B;Power Transformer TR-SS33-796B;33kV;1;26
TR-SS33-814B;Power Transformer TR-SS33-814B;3.3kV;1;26
TR-SS33-828A;Power Transformer TR-SS33-828A;11kV;1;13
TR-SS33-845A;Power Transformer TR-SS33-845A;3.3kV;1;7
TR-SS33-891C;Power Transformer TR-SS33-891C;3.3kV;1;3
TR-SS33-921A;Power Transformer TR-SS33-921A;6.6kV;1;6
TR-SS33-928A;Power Transformer TR-SS33-928A;33kV;1;6
TR-SS33-932B;Power Transformer TR-SS33-932B;6.6kV;1;13
TR-SS33-960B;Power Transformer TR-SS33-960B;3.3kV;1;6
TR-SS33-987;Power Transformer TR-SS33-987;6.6kV;1;7
TR-UR1-1013;Power Transformer TR-UR1-1013;11kV;1;3
TR-UR1-1026B;Power Transformer TR-UR1-1026B;3.3kV;1;14
TR-UR1-1064A;Power Transformer TR-UR1-1064A;6.6kV;1;14
TR-UR1-1077B;Power Transformer TR-UR1-1077B;11kV;1;7
TR-UR1-107B;Power Transformer TR-UR1-107B;33kV;1;26
TR-UR1-1163;Power Transformer TR-UR1-1163;3.3kV;1;14
TR-UR1-1188C;Power Transformer TR-UR1-1188C;6.6kV;1;13
TR-UR1-1196C;Power Transformer TR-UR1-1196C;3.3kV;1;7
TR-UR1-121C;Power Transformer TR-UR1-121C;6.6kV;1;6
TR-UR1-135A;Power Transformer TR-UR1-135A;11kV;1;5
TR-UR1-143C;Power Transformer TR-UR1-143C;11kV;1;11
TR-UR1-157C;Power Transformer TR-UR1-157C;11kV;1;14
TR-UR1-160;Power Transformer TR-UR1-160;33kV;1;6
TR-UR1-163;Power Transformer TR-UR1-163;3.3kV;1;7
TR-UR1-184;Power Transformer TR-UR1-184;11kV;1;7
TR-UR1-19;Power Transformer TR-UR1-19;11kV;1;7
TR-UR1-205C;Power Transformer TR-UR1-205C;11kV;1;14
TR-UR1-20C;Power Transformer TR-UR1-20C;3.3kV;1;6
TR-UR1-21B;Power Transformer TR-UR1-21B;3.3kV;1;14
TR-UR1-235A;Power Transformer TR-UR1-235A;33kV;1;13
TR-UR1-236B;Power Transformer TR-UR1-236B;11kV;1;11
TR-UR1-279C;Power Transformer TR-UR1-279C;11kV;1;6
TR-UR1-376;Power Transformer TR-UR1-376;3.3kV;1;15
TR-UR1-383A;Power Transformer TR-UR1-383A;6.6kV;1;6
TR-UR1-41B;Power Transformer TR-UR1-41B;11kV;1;14
TR-UR1-459A;Power Transformer TR-UR1-459A;33kV;1;14
TR-UR1-468C;Power Transformer TR-UR1-468C;33kV;1;14
TR-UR1-503C;Power Transformer TR-UR1-503C;33kV;1;13
TR-UR1-521A;Power Transformer TR-UR1-521A;3.3kV;1;13
TR-UR1-533B;Power Transformer TR-UR1-533B;3.3kV;1;3
TR-UR1-539C;Power Transformer TR-UR1-539C;11kV;1;13
TR-UR1-544A;Power Transformer TR-UR1-544A;3.3kV;1;10
TR-UR1-547C;Power Transformer TR-UR1-547C;6.6kV;1;7
TR-UR1-548B;Power Transformer TR-UR1-548B;11kV;1;6
TR-UR1-551;Power Transformer TR-UR1-551;33kV;1;28
TR-UR1-557C;Power Transformer TR-UR1-557C;6.6kV;1;7
TR-UR1-570;Power Transformer TR-UR1-570;3.3kV;1;27
TR-UR1-60B;Power Transformer TR-UR1-60B;11kV;1;14
TR-UR1-61C;Power Transformer TR-UR1-61C;33kV;1;13
TR-UR1-633A;Power Transformer TR-UR1-633A;3.3kV;1;2
TR-UR1-650C;Power Transformer TR-UR1-650C;33kV;1;14
TR-UR1-704C;Power Transformer TR-UR1-704C;11kV;1;13
TR-UR1-719B;Power Transformer TR-UR1-719B;33kV;1;6
TR-UR1-732C;Power Transformer TR-UR1-732C;33kV;1;14
TR-UR1-742A;Power Transformer TR-UR1-742A;3.3kV;1;7
TR-UR1-755C;Power Transformer TR-UR1-755C;33kV;1;13
TR-UR1-757C;Power Transformer TR-UR1-757C;11kV;1;6
TR-UR1-778;Power Transformer TR-UR1-778;33kV;1;13
TR-UR1-794A;Power Transformer TR-UR1-794A;33kV;1;7
TR-UR1-806C;Power Transformer TR-UR1-806C;11kV;1;7
TR-UR1-825C;Power Transformer TR-UR1-825C;6.6kV;1;6
TR-UR1-835C;Power Transformer TR-UR1-835C;33kV;1;28
TR-UR1-844B;Power Transformer TR-UR1-844B;33kV;1;14
TR-UR1-851;Power Transformer TR-UR1-851;11kV;1;7
TR-UR1-867C;Power Transformer TR-UR1-867C;11kV;1;6
TR-UR1-892B;Power Transformer TR-UR1-892B;33kV;1;14
TR-UR1-900A;Power Transformer TR-UR1-900A;3.3kV;1;6
TR-UR1-930A;Power Transformer TR-UR1-930A;33kV;1;13
TR-UR1-967A;Power Transformer TR-UR1-967A;3.3kV;1;3
TR-UR1-9C;Power Transformer TR-UR1-9C;6.6kV;1;14
TR-UR2-103A;Power Transformer TR-UR2-103A;11kV;1;6
TR-UR2-1047C;Power Transformer TR-UR2-1047C;11kV;1;6
TR-UR2-1051C;Power Transformer TR-UR2-1051C;33kV;1;7
TR-UR2-1060A;Power Transformer TR-UR2-1060A;3.3kV;1;2
TR-UR2-1067C;Power Transformer TR-UR2-1067C;11kV;1;6
TR-UR2-1086;Power Transformer TR-UR2-1086;11kV;1;3
TR-UR2-1102C;Power Transformer TR-UR2-1102C;3.3kV;1;14
TR-UR2-111;Power Transformer TR-UR2-111;6.6kV;1;7
TR-UR2-1127B;Power Transformer TR-UR2-1127B;6.6kV;1;7
TR-UR2-1152B;Power Transformer TR-UR2-1152B;6.6kV;1;6
TR-UR2-1153;Power Transformer TR-UR2-1153;3.3kV;1;26
TR-UR2-1200;Power Transformer TR-UR2-1200;11kV;1;13
TR-UR2-124C;Power Transformer TR-UR2-124C;11kV;1;25
TR-UR2-127C;Power Transformer TR-UR2-127C;33kV;1;23
TR-UR2-144A;Power Transformer TR-UR2-144A;11kV;1;6
TR-UR2-150;Power Transformer TR-UR2-150;33kV;1;6
TR-UR2-180B;Power Transformer TR-UR2-180B;3.3kV;1;13
TR-UR2-182A;Power Transformer TR-UR2-182A;33kV;1;3
TR-UR2-192A;Power Transformer TR-UR2-192A;33kV;1;7
TR-UR2-219B;Power Transformer TR-UR2-219B;11kV;1;6
TR-UR2-267A;Power Transformer TR-UR2-267A;33kV;1;6
TR-UR2-28C;Power Transformer TR-UR2-28C;3.3kV;1;7
TR-UR2-304B;Power Transformer TR-UR2-304B;11kV;1;14
TR-UR2-309;Power Transformer TR-UR2-309;33kV;1;28
TR-UR2-314;Power Transformer TR-UR2-314;6.6kV;1;7
TR-UR2-316C;Power Transformer TR-UR2-316C;3.3kV;1;25
TR-UR2-317;Power Transformer TR-UR2-317;6.6kV;1;5
TR-UR2-31C;Power Transformer TR-UR2-31C;33kV;1;26
TR-UR2-322C;Power Transformer TR-UR2-322C;33kV;1;13
TR-UR2-335A;Power Transformer TR-UR2-335A;11kV;1;6
TR-UR2-363B;Power Transformer TR-UR2-363B;33kV;1;13
TR-UR2-36B;Power Transformer TR-UR2-36B;6.6kV;1;13
TR-UR2-394C;Power Transformer TR-UR2-394C;6.6kV;1;7
TR-UR2-396;Power Transformer TR-UR2-396;3.3kV;1;6
TR-UR2-400C;Power Transformer TR-UR2-400C;3.3kV;1;13
TR-UR2-405;Power Transformer TR-UR2-405;33kV;1;27
TR-UR2-413C;Power Transformer TR-UR2-413C;11kV;1;4
TR-UR2-433;Power Transformer TR-UR2-433;6.6kV;1;26
TR-UR2-438;Power Transformer TR-UR2-438;3.3kV;1;6
TR-UR2-444C;Power Transformer TR-UR2-444C;11kV;1;13
TR-UR2-476C;Power Transformer TR-UR2-476C;33kV;1;13
TR-UR2-482A;Power Transformer TR-UR2-482A;11kV;1;7
TR-UR2-486C;Power Transformer TR-UR2-486C;33kV;1;14
TR-UR2-500C;Power Transformer TR-UR2-500C;11kV;1;7
TR-UR2-522;Power Transformer TR-UR2-522;3.3kV;1;6
TR-UR2-528C;Power Transformer TR-UR2-528C;33kV;1;6
TR-UR2-530B;Power Transformer TR-UR2-530B;3.3kV;1;14
TR-UR2-550C;Power Transformer TR-UR2-550C;3.3kV;1;8
TR-UR2-554;Power Transformer TR-UR2-554;6.6kV;1;6
TR-UR2-562B;Power Transformer TR-UR2-562B;3.3kV;1;3
TR-UR2-590;Power Transformer TR-UR2-590;11kV;1;13
TR-UR2-620A;Power Transformer TR-UR2-620A;11kV;1;7
TR-UR2-638B;Power Transformer TR-UR2-638B;6.6kV;1;7
TR-UR2-676;Power Transformer TR-UR2-676;11kV;1;7
TR-UR2-68A;Power Transformer TR-UR2-68A;3.3kV;1;26
TR-UR2-690A;Power Transformer TR-UR2-690A;3.3kV;1;13
TR-UR2-709;Power Transformer TR-UR2-709;6.6kV;1;3
TR-UR2-714B;Power Transformer TR-UR2-714B;6.6kV;1;7
TR-UR2-71B;Power Transformer TR-UR2-71B;6.6kV;1;26
TR-UR2-748B;Power Transformer TR-UR2-748B;3.3kV;1;6
TR-UR2-811;Power Transformer TR-UR2-811;6.6kV;1;6
TR-UR2-81A;Power Transformer TR-UR2-81A;11kV;1;15
TR-UR2-822A;Power Transformer TR-UR2-822A;33kV;1;13
TR-UR2-840;Power Transformer TR-UR2-840;11kV;1;6
TR-UR2-854B;Power Transformer TR-UR2-854B;6.6kV;1;25
TR-UR2-874C;Power Transformer TR-UR2-874C;11kV;1;7
TR-UR2-888C;Power Transformer TR-UR2-888C;3.3kV;1;13
TR-UR2-896C;Power Transformer TR-UR2-896C;11kV;1;2
TR-UR2-8B;Power Transformer TR-UR2-8B;6.6kV;1;7
TR-UR2-901B;Power Transformer TR-UR2-901B;3.3kV;1;7
TR-UR2-929C;Power Transformer TR-UR2-929C;33kV;1;16
TR-UR2-976;Power Transformer TR-UR2-976;6.6kV;1;14
TR-UR2-981B;Power Transformer TR-UR2-981B;6.6kV;1;14
TR-UR2-995B;Power Transformer TR-UR2-995B;6.6kV;1;14
TR-UTIL-1008C;Power Transformer TR-UTIL-1008C;3.3kV;1;6
TR-UTIL-100C;Power Transformer TR-UTIL-100C;33kV;1;14
TR-UTIL-1020;Power Transformer TR-UTIL-1020;6.6kV;1;27
TR-UTIL-1035C;Power Transformer TR-UTIL-1035C;11kV;1;27
TR-UTIL-1046;Power Transformer TR-UTIL-1046;6.6kV;1;6
TR-UTIL-1050C;Power Transformer TR-UTIL-1050C;11kV;1;5
TR-UTIL-1081A;Power Transformer TR-UTIL-1081A;6.6kV;1;6
TR-UTIL-1087;Power Transformer TR-UTIL-1087;6.6kV;1;6
TR-UTIL-1095C;Power Transformer TR-UTIL-1095C;11kV;1;28
TR-UTIL-113C;Power Transformer TR-UTIL-113C;3.3kV;1;6
TR-UTIL-1157C;Power Transformer TR-UTIL-1157C;33kV;1;15
TR-UTIL-1160C;Power Transformer TR-UTIL-1160C;3.3kV;1;7
TR-UTIL-1175;Power Transformer TR-UTIL-1175;11kV;1;12
TR-UTIL-1198B;Power Transformer TR-UTIL-1198B;3.3kV;1;13
TR-UTIL-1199;Power Transformer TR-UTIL-1199;33kV;1;7
TR-UTIL-140C;Power Transformer TR-UTIL-140C;33kV;1;7
TR-UTIL-142C;Power Transformer TR-UTIL-142C;33kV;1;14
TR-UTIL-154;Power Transformer TR-UTIL-154;11kV;1;6
TR-UTIL-179;Power Transformer TR-UTIL-179;6.6kV;1;6
TR-UTIL-223A;Power Transformer TR-UTIL-223A;3.3kV;1;13
TR-UTIL-228B;Power Transformer TR-UTIL-228B;3.3kV;1;6
TR-UTIL-230;Power Transformer TR-UTIL-230;6.6kV;1;25
TR-UTIL-240A;Power Transformer TR-UTIL-240A;11kV;1;6
TR-UTIL-246B;Power Transformer TR-UTIL-246B;3.3kV;1;7
TR-UTIL-271;Power Transformer TR-UTIL-271;11kV;1;7
TR-UTIL-282B;Power Transformer TR-UTIL-282B;6.6kV;1;13
TR-UTIL-295B;Power Transformer TR-UTIL-295B;11kV;1;13
TR-UTIL-332C;Power Transformer TR-UTIL-332C;11kV;1;27
TR-UTIL-354C;Power Transformer TR-UTIL-354C;6.6kV;1;7
TR-UTIL-367A;Power Transformer TR-UTIL-367A;33kV;1;7
TR-UTIL-384C;Power Transformer TR-UTIL-384C;3.3kV;1;7
TR-UTIL-392B;Power Transformer TR-UTIL-392B;3.3kV;1;7
TR-UTIL-457A;Power Transformer TR-UTIL-457A;3.3kV;1;11
TR-UTIL-45C;Power Transformer TR-UTIL-45C;3.3kV;1;3
TR-UTIL-464;Power Transformer TR-UTIL-464;6.6kV;1;6
TR-UTIL-537B;Power Transformer TR-UTIL-537B;11kV;1;13
TR-UTIL-585B;Power Transformer TR-UTIL-585B;6.6kV;1;6
TR-UTIL-602B;Power Transformer TR-UTIL-602B;6.6kV;1;2
TR-UTIL-611C;Power Transformer TR-UTIL-611C;33kV;1;6
TR-UTIL-618;Power Transformer TR-UTIL-618;11kV;1;6
TR-UTIL-627A;Power Transformer TR-UTIL-627A;3.3kV;1;7
TR-UTIL-639A;Power Transformer TR-UTIL-639A;33kV;1;7
TR-UTIL-653C;Power Transformer TR-UTIL-653C;11kV;1;14
TR-UTIL-655B;Power Transformer TR-UTIL-655B;6.6kV;1;6
TR-UTIL-667B;Power Transformer TR-UTIL-667B;6.6kV;1;27
TR-UTIL-67;Power Transformer TR-UTIL-67;3.3kV;1;6
TR-UTIL-687C;Power Transformer TR-UTIL-687C;6.6kV;1;4
TR-UTIL-695;Power Transformer TR-UTIL-695;33kV;1;28
TR-UTIL-70;Power Transformer TR-UTIL-70;6.6kV;1;13
TR-UTIL-701A;Power Transformer TR-UTIL-701A;11kV;1;7
TR-UTIL-711;Power Transformer TR-UTIL-711;33kV;1;5
TR-UTIL-712C;Power Transformer TR-UTIL-712C;33kV;1;13
TR-UTIL-713A;Power Transformer TR-UTIL-713A;3.3kV;1;6
TR-UTIL-718A;Power Transformer TR-UTIL-718A;3.3kV;1;7
TR-UTIL-736C;Power Transformer TR-UTIL-736C;11kV;1;15
TR-UTIL-740C;Power Transformer TR-UTIL-740C;33kV;1;13
TR-UTIL-787B;Power Transformer TR-UTIL-787B;11kV;1;14
TR-UTIL-790A;Power Transformer TR-UTIL-790A;3.3kV;1;14
TR-UTIL-813C;Power Transformer TR-UTIL-813C;33kV;1;6
TR-UTIL-838A;Power Transformer TR-UTIL-838A;33kV;1;7
TR-UTIL-878;Power Transformer TR-UTIL-878;6.6kV;1;13
TR-UTIL-879B;Power Transformer TR-UTIL-879B;3.3kV;1;7
TR-UTIL-890A;Power Transformer TR-UTIL-890A;6.6kV;1;12
TR-UTIL-91B;Power Transformer TR-UTIL-91B;11kV;1;7
TR-UTIL-925C;Power Transformer TR-UTIL-925C;6.6kV;1;27
TR-UTIL-961B;Power Transformer TR-UTIL-961B;3.3kV;1;12
TR-UTIL-969B;Power Transformer TR-UTIL-969B;11kV;1;13
TR-UTIL-970C;Power Transformer TR-UTIL-970C;3.3kV;1;5
